{"tiddlers":{"$:/plugins/linonetwo/inverse-link-and-folder/infobar":{"title":"$:/plugins/linonetwo/inverse-link-and-folder/infobar","created":"20200414150455988","creator":"LinOnetwo","tags":"$:/tags/ViewTemplate","type":"text/vnd.tiddlywiki","text":"<$reveal\n\tstate=<<folded-state>>\n\ttype=\"nomatch\"\n\ttext=\"hide\"\n\tanimate=\"yes\"\n>\n<!-- <$list filter=\"[all[current]backtranscludes[]first[]sort[title]]\">\n\t<label style=\"margin-left:auto;margin-right:auto;width:fit-content;display:block;\">嵌出 (other)-{}->(this)</label>\n</$list>\n\n<<inverse-link-and-folder_list-links filter:\"[all[current]backtranscludes[]]\" class:\"horizontal-list-links\" >> -->\n\n<$list filter=\"[all[current]backlinks[]first[]sort[title]]\">\n\t<label style=\"margin-left:auto;margin-right:auto;width:fit-content;display:block;\">链入</label>\n</$list>\n\n<<inverse-link-and-folder_list-links filter:\"[all[current]backlinks[]]\" class:\"horizontal-list-links\" >>\n\n<$list filter=\"[all[current]tagging[]first[]]\">\n\t<label style=\"margin-left:auto;margin-right:auto;width:fit-content;display:block;\">此文件夹中的文件</label>\n</$list>\n\n<<inverse-link-and-folder_list-links filter:\"[all[current]tagging[]sort[title]]\" class:\"horizontal-list-links\" >>\n\n</$reveal>"},"$:/plugins/linonetwo/inverse-link-and-folder/list-link.css":{"title":"$:/plugins/linonetwo/inverse-link-and-folder/list-link.css","tags":"$:/tags/Stylesheet","type":"text/vnd.tiddlywiki","text":".horizontal-list-links {\n  display: flex;\n  flex-direction: row;\n  flex-wrap: wrap;\n  max-height: 250px;\n  overflow-y: auto;\n  padding: 0;\n  list-style-type: none;\n}\n.horizontal-list-links::-webkit-scrollbar {\n\twidth: 0 !important\n}\n\n.horizontal-list-links li a,\n.horizontal-list-links li a:hover {\n  line-height: unset;\n  background-color: unset;\n  border: none;\n  padding: 5px;\n  line-height: 1.8;\n}\n"},"$:/plugins/linonetwo/inverse-link-and-folder/list-link":{"title":"$:/plugins/linonetwo/inverse-link-and-folder/list-link","created":"20200414150455988","creator":"LinOnetwo","tags":"$:/tags/Macro","type":"text/vnd.tiddlywiki","text":"\\define inverse-link-and-folder_list-links(filter,type:\"ul\",subtype:\"li\",class:\"\",emptyMessage)\n\\whitespace trim\n  <$type$ class=\"$class$\">\n    <$list filter=\"$filter$\" emptyMessage=<<__emptyMessage__>>>\n      <$subtype$>\n        <$link to={{!!title}}>\n          <$macrocall $name=\"tag-pill-body\" tag=<<currentTiddler>> icon={{!!icon}} colour={{!!color}} palette={{$:/palette}} element-tag=\"\"\"$button\"\"\" element-attributes=\"\"\"tag='span'\"\"\"/>\n        </$link>\n      </$subtype$>\n    </$list>\n  </$type$>\n\\end\n"},"$:/plugins/linonetwo/inverse-link-and-folder/readme":{"title":"$:/plugins/linonetwo/inverse-link-and-folder/readme","created":"20200602150455988","creator":"LinOnetwo","type":"text/vnd.tiddlywiki","text":"!! Features\n\nThis plugin provides these additional info on the bottom of every tiddler:\n\n# other tiddler linking to this tiddler\n# tiddlers in this folder (tagged with this tiddler's title, see tw-locator's document for detail about the tag-based folder structure)\n# folders containing this tiddler (since tag-based folder structure is a Graph, so there may be many)\n\nYou can change [[infobar.tid|$:/plugins/linonetwo/inverse-link-and-folder/infobar]] to add more info.\n\n[[list-link.tid|$:/plugins/linonetwo/inverse-link-and-folder/list-link]] and [[list-link.css|$:/plugins/linonetwo/inverse-link-and-folder/list-link.css]] are styles of that info bar.\n\n!! Credits\n\nThis plugin is inspired by RoamResearch. list-link macro and filter in infobar is learnt from  copy&paste-ing of Jeremy's code and tutorials.\n"}}}