{"tiddlers":{"$:/plugins/tiddlywiki/codemirror/mode/css/css.js":{"text":"// CodeMirror, copyright (c) by Marijn Haverbeke and others\n// Distributed under an MIT license: https://codemirror.net/LICENSE\n!function(e){\"object\"==typeof exports&&\"object\"==typeof module?e(require(\"../../lib/codemirror\")):\"function\"==typeof define&&define.amd?define([\"../../lib/codemirror\"],e):e(CodeMirror)}(function(T){\"use strict\";function e(e){for(var t={},r=0;r<e.length;++r)t[e[r].toLowerCase()]=!0;return t}T.defineMode(\"css\",function(e,t){var r=t.inline;t.propertyKeywords||(t=T.resolveMode(\"text/css\"));var a,i,n=e.indentUnit,l=t.tokenHooks,o=t.documentTypes||{},s=t.mediaTypes||{},d=t.mediaFeatures||{},c=t.mediaValueKeywords||{},p=t.propertyKeywords||{},u=t.nonStandardPropertyKeywords||{},m=t.fontProperties||{},b=t.counterDescriptors||{},g=t.colorKeywords||{},h=t.valueKeywords||{},f=t.allowNested,k=t.lineComment,y=!0===t.supportsAtComponent,w=!1!==e.highlightNonStandardPropertyKeywords;function v(e,t){return a=t,e}function x(i){return function(e,t){for(var r,o=!1;null!=(r=e.next());){if(r==i&&!o){\")\"==i&&e.backUp(1);break}o=!o&&\"\\\\\"==r}return r!=i&&(o||\")\"==i)||(t.tokenize=null),a=\"string\"}}function z(e,t){return e.next(),e.match(/\\s*[\\\"\\')]/,!1)?t.tokenize=null:t.tokenize=x(\")\"),a=\"(\",null}function j(e,t,r){this.type=e,this.indent=t,this.prev=r}function P(e,t,r,o){return e.context=new j(r,t.indentation()+(!1===o?0:n),e.context),r}function K(e){return e.context.prev&&(e.context=e.context.prev),e.context.type}function q(e,t,r){return _[r.context.type](e,t,r)}function C(e,t,r,o){for(var i=o||1;0<i;i--)r.context=r.context.prev;return q(e,t,r)}function B(e){var t=e.current().toLowerCase();i=h.hasOwnProperty(t)?\"atom\":g.hasOwnProperty(t)?\"keyword\":\"variable\"}var _={top:function(e,t,r){if(\"{\"==e)return P(r,t,\"block\");if(\"}\"==e&&r.context.prev)return K(r);if(y&&/@component/i.test(e))return P(r,t,\"atComponentBlock\");if(/^@(-moz-)?document$/i.test(e))return P(r,t,\"documentTypes\");if(/^@(media|supports|(-moz-)?document|import)$/i.test(e))return P(r,t,\"atBlock\");if(/^@(font-face|counter-style)/i.test(e))return r.stateArg=e,\"restricted_atBlock_before\";if(/^@(-(moz|ms|o|webkit)-)?keyframes$/i.test(e))return\"keyframes\";if(e&&\"@\"==e.charAt(0))return P(r,t,\"at\");if(\"hash\"==e)i=\"builtin\";else if(\"word\"==e)i=\"tag\";else{if(\"variable-definition\"==e)return\"maybeprop\";if(\"interpolation\"==e)return P(r,t,\"interpolation\");if(\":\"==e)return\"pseudo\";if(f&&\"(\"==e)return P(r,t,\"parens\")}return r.context.type},block:function(e,t,r){if(\"word\"!=e)return\"meta\"==e?\"block\":f||\"hash\"!=e&&\"qualifier\"!=e?_.top(e,t,r):(i=\"error\",\"block\");var o=t.current().toLowerCase();return p.hasOwnProperty(o)?(i=\"property\",\"maybeprop\"):u.hasOwnProperty(o)?(i=w?\"string-2\":\"property\",\"maybeprop\"):f?(i=t.match(/^\\s*:(?:\\s|$)/,!1)?\"property\":\"tag\",\"block\"):(i+=\" error\",\"maybeprop\")},maybeprop:function(e,t,r){return\":\"==e?P(r,t,\"prop\"):q(e,t,r)},prop:function(e,t,r){if(\";\"==e)return K(r);if(\"{\"==e&&f)return P(r,t,\"propBlock\");if(\"}\"==e||\"{\"==e)return C(e,t,r);if(\"(\"==e)return P(r,t,\"parens\");if(\"hash\"!=e||/^#([0-9a-fA-f]{3,4}|[0-9a-fA-f]{6}|[0-9a-fA-f]{8})$/.test(t.current())){if(\"word\"==e)B(t);else if(\"interpolation\"==e)return P(r,t,\"interpolation\")}else i+=\" error\";return\"prop\"},propBlock:function(e,t,r){return\"}\"==e?K(r):\"word\"==e?(i=\"property\",\"maybeprop\"):r.context.type},parens:function(e,t,r){return\"{\"==e||\"}\"==e?C(e,t,r):\")\"==e?K(r):\"(\"==e?P(r,t,\"parens\"):\"interpolation\"==e?P(r,t,\"interpolation\"):(\"word\"==e&&B(t),\"parens\")},pseudo:function(e,t,r){return\"meta\"==e?\"pseudo\":\"word\"==e?(i=\"variable-3\",r.context.type):q(e,t,r)},documentTypes:function(e,t,r){return\"word\"==e&&o.hasOwnProperty(t.current())?(i=\"tag\",r.context.type):_.atBlock(e,t,r)},atBlock:function(e,t,r){return\"(\"==e?P(r,t,\"atBlock_parens\"):\"}\"==e||\";\"==e?C(e,t,r):\"{\"==e?K(r)&&P(r,t,f?\"block\":\"top\"):\"interpolation\"==e?P(r,t,\"interpolation\"):(\"word\"==e&&(o=t.current().toLowerCase(),i=\"only\"==o||\"not\"==o||\"and\"==o||\"or\"==o?\"keyword\":s.hasOwnProperty(o)?\"attribute\":d.hasOwnProperty(o)?\"property\":c.hasOwnProperty(o)?\"keyword\":p.hasOwnProperty(o)?\"property\":u.hasOwnProperty(o)?w?\"string-2\":\"property\":h.hasOwnProperty(o)?\"atom\":g.hasOwnProperty(o)?\"keyword\":\"error\"),r.context.type);var o},atComponentBlock:function(e,t,r){return\"}\"==e?C(e,t,r):\"{\"==e?K(r)&&P(r,t,f?\"block\":\"top\",!1):(\"word\"==e&&(i=\"error\"),r.context.type)},atBlock_parens:function(e,t,r){return\")\"==e?K(r):\"{\"==e||\"}\"==e?C(e,t,r,2):_.atBlock(e,t,r)},restricted_atBlock_before:function(e,t,r){return\"{\"==e?P(r,t,\"restricted_atBlock\"):\"word\"==e&&\"@counter-style\"==r.stateArg?(i=\"variable\",\"restricted_atBlock_before\"):q(e,t,r)},restricted_atBlock:function(e,t,r){return\"}\"==e?(r.stateArg=null,K(r)):\"word\"==e?(i=\"@font-face\"==r.stateArg&&!m.hasOwnProperty(t.current().toLowerCase())||\"@counter-style\"==r.stateArg&&!b.hasOwnProperty(t.current().toLowerCase())?\"error\":\"property\",\"maybeprop\"):\"restricted_atBlock\"},keyframes:function(e,t,r){return\"word\"==e?(i=\"variable\",\"keyframes\"):\"{\"==e?P(r,t,\"top\"):q(e,t,r)},at:function(e,t,r){return\";\"==e?K(r):\"{\"==e||\"}\"==e?C(e,t,r):(\"word\"==e?i=\"tag\":\"hash\"==e&&(i=\"builtin\"),\"at\")},interpolation:function(e,t,r){return\"}\"==e?K(r):\"{\"==e||\";\"==e?C(e,t,r):(\"word\"==e?i=\"variable\":\"variable\"!=e&&\"(\"!=e&&\")\"!=e&&(i=\"error\"),\"interpolation\")}};return{startState:function(e){return{tokenize:null,state:r?\"block\":\"top\",stateArg:null,context:new j(r?\"block\":\"top\",e||0,null)}},token:function(e,t){if(!t.tokenize&&e.eatSpace())return null;var r=(t.tokenize||function(e,t){var r=e.next();if(l[r]){var o=l[r](e,t);if(!1!==o)return o}return\"@\"==r?(e.eatWhile(/[\\w\\\\\\-]/),v(\"def\",e.current())):\"=\"==r||(\"~\"==r||\"|\"==r)&&e.eat(\"=\")?(a=\"compare\",null):'\"'==r||\"'\"==r?(t.tokenize=x(r),t.tokenize(e,t)):\"#\"==r?(e.eatWhile(/[\\w\\\\\\-]/),a=\"hash\",\"atom\"):\"!\"==r?(e.match(/^\\s*\\w*/),a=\"important\",\"keyword\"):/\\d/.test(r)||\".\"==r&&e.eat(/\\d/)?(e.eatWhile(/[\\w.%]/),a=\"unit\",\"number\"):\"-\"!==r?/[,+>*\\/]/.test(r)?(a=\"select-op\",null):\".\"==r&&e.match(/^-?[_a-z][_a-z0-9-]*/i)?a=\"qualifier\":/[:;{}\\[\\]\\(\\)]/.test(r)?v(null,r):e.match(/[\\w-.]+(?=\\()/)?(/^(url(-prefix)?|domain|regexp)$/.test(e.current().toLowerCase())&&(t.tokenize=z),a=\"variable\",\"variable callee\"):/[\\w\\\\\\-]/.test(r)?(e.eatWhile(/[\\w\\\\\\-]/),a=\"word\",\"property\"):a=null:/[\\d.]/.test(e.peek())?(e.eatWhile(/[\\w.%]/),a=\"unit\",\"number\"):e.match(/^-[\\w\\\\\\-]*/)?(e.eatWhile(/[\\w\\\\\\-]/),a=e.match(/^\\s*:/,!1)?\"variable-definition\":\"variable\",\"variable-2\"):e.match(/^\\w+-/)?a=\"meta\":void 0})(e,t);return r&&\"object\"==typeof r&&(a=r[1],r=r[0]),i=r,\"comment\"!=a&&(t.state=_[t.state](a,e,t)),i},indent:function(e,t){var r=e.context,o=t&&t.charAt(0),i=r.indent;return\"prop\"!=r.type||\"}\"!=o&&\")\"!=o||(r=r.prev),r.prev&&(\"}\"!=o||\"block\"!=r.type&&\"top\"!=r.type&&\"interpolation\"!=r.type&&\"restricted_atBlock\"!=r.type?(\")\"!=o||\"parens\"!=r.type&&\"atBlock_parens\"!=r.type)&&(\"{\"!=o||\"at\"!=r.type&&\"atBlock\"!=r.type)||(i=Math.max(0,r.indent-n)):i=(r=r.prev).indent),i},electricChars:\"}\",blockCommentStart:\"/*\",blockCommentEnd:\"*/\",blockCommentContinue:\" * \",lineComment:k,fold:\"brace\"}});var t=[\"domain\",\"regexp\",\"url\",\"url-prefix\"],r=e(t),o=[\"all\",\"aural\",\"braille\",\"handheld\",\"print\",\"projection\",\"screen\",\"tty\",\"tv\",\"embossed\"],i=e(o),a=[\"width\",\"min-width\",\"max-width\",\"height\",\"min-height\",\"max-height\",\"device-width\",\"min-device-width\",\"max-device-width\",\"device-height\",\"min-device-height\",\"max-device-height\",\"aspect-ratio\",\"min-aspect-ratio\",\"max-aspect-ratio\",\"device-aspect-ratio\",\"min-device-aspect-ratio\",\"max-device-aspect-ratio\",\"color\",\"min-color\",\"max-color\",\"color-index\",\"min-color-index\",\"max-color-index\",\"monochrome\",\"min-monochrome\",\"max-monochrome\",\"resolution\",\"min-resolution\",\"max-resolution\",\"scan\",\"grid\",\"orientation\",\"device-pixel-ratio\",\"min-device-pixel-ratio\",\"max-device-pixel-ratio\",\"pointer\",\"any-pointer\",\"hover\",\"any-hover\",\"prefers-color-scheme\"],n=e(a),l=[\"landscape\",\"portrait\",\"none\",\"coarse\",\"fine\",\"on-demand\",\"hover\",\"interlace\",\"progressive\",\"dark\",\"light\"],s=e(l),d=[\"align-content\",\"align-items\",\"align-self\",\"alignment-adjust\",\"alignment-baseline\",\"all\",\"anchor-point\",\"animation\",\"animation-delay\",\"animation-direction\",\"animation-duration\",\"animation-fill-mode\",\"animation-iteration-count\",\"animation-name\",\"animation-play-state\",\"animation-timing-function\",\"appearance\",\"azimuth\",\"backdrop-filter\",\"backface-visibility\",\"background\",\"background-attachment\",\"background-blend-mode\",\"background-clip\",\"background-color\",\"background-image\",\"background-origin\",\"background-position\",\"background-position-x\",\"background-position-y\",\"background-repeat\",\"background-size\",\"baseline-shift\",\"binding\",\"bleed\",\"block-size\",\"bookmark-label\",\"bookmark-level\",\"bookmark-state\",\"bookmark-target\",\"border\",\"border-bottom\",\"border-bottom-color\",\"border-bottom-left-radius\",\"border-bottom-right-radius\",\"border-bottom-style\",\"border-bottom-width\",\"border-collapse\",\"border-color\",\"border-image\",\"border-image-outset\",\"border-image-repeat\",\"border-image-slice\",\"border-image-source\",\"border-image-width\",\"border-left\",\"border-left-color\",\"border-left-style\",\"border-left-width\",\"border-radius\",\"border-right\",\"border-right-color\",\"border-right-style\",\"border-right-width\",\"border-spacing\",\"border-style\",\"border-top\",\"border-top-color\",\"border-top-left-radius\",\"border-top-right-radius\",\"border-top-style\",\"border-top-width\",\"border-width\",\"bottom\",\"box-decoration-break\",\"box-shadow\",\"box-sizing\",\"break-after\",\"break-before\",\"break-inside\",\"caption-side\",\"caret-color\",\"clear\",\"clip\",\"color\",\"color-profile\",\"column-count\",\"column-fill\",\"column-gap\",\"column-rule\",\"column-rule-color\",\"column-rule-style\",\"column-rule-width\",\"column-span\",\"column-width\",\"columns\",\"contain\",\"content\",\"counter-increment\",\"counter-reset\",\"crop\",\"cue\",\"cue-after\",\"cue-before\",\"cursor\",\"direction\",\"display\",\"dominant-baseline\",\"drop-initial-after-adjust\",\"drop-initial-after-align\",\"drop-initial-before-adjust\",\"drop-initial-before-align\",\"drop-initial-size\",\"drop-initial-value\",\"elevation\",\"empty-cells\",\"fit\",\"fit-position\",\"flex\",\"flex-basis\",\"flex-direction\",\"flex-flow\",\"flex-grow\",\"flex-shrink\",\"flex-wrap\",\"float\",\"float-offset\",\"flow-from\",\"flow-into\",\"font\",\"font-family\",\"font-feature-settings\",\"font-kerning\",\"font-language-override\",\"font-optical-sizing\",\"font-size\",\"font-size-adjust\",\"font-stretch\",\"font-style\",\"font-synthesis\",\"font-variant\",\"font-variant-alternates\",\"font-variant-caps\",\"font-variant-east-asian\",\"font-variant-ligatures\",\"font-variant-numeric\",\"font-variant-position\",\"font-variation-settings\",\"font-weight\",\"gap\",\"grid\",\"grid-area\",\"grid-auto-columns\",\"grid-auto-flow\",\"grid-auto-rows\",\"grid-column\",\"grid-column-end\",\"grid-column-gap\",\"grid-column-start\",\"grid-gap\",\"grid-row\",\"grid-row-end\",\"grid-row-gap\",\"grid-row-start\",\"grid-template\",\"grid-template-areas\",\"grid-template-columns\",\"grid-template-rows\",\"hanging-punctuation\",\"height\",\"hyphens\",\"icon\",\"image-orientation\",\"image-rendering\",\"image-resolution\",\"inline-box-align\",\"inset\",\"inset-block\",\"inset-block-end\",\"inset-block-start\",\"inset-inline\",\"inset-inline-end\",\"inset-inline-start\",\"isolation\",\"justify-content\",\"justify-items\",\"justify-self\",\"left\",\"letter-spacing\",\"line-break\",\"line-height\",\"line-height-step\",\"line-stacking\",\"line-stacking-ruby\",\"line-stacking-shift\",\"line-stacking-strategy\",\"list-style\",\"list-style-image\",\"list-style-position\",\"list-style-type\",\"margin\",\"margin-bottom\",\"margin-left\",\"margin-right\",\"margin-top\",\"marks\",\"marquee-direction\",\"marquee-loop\",\"marquee-play-count\",\"marquee-speed\",\"marquee-style\",\"mask-clip\",\"mask-composite\",\"mask-image\",\"mask-mode\",\"mask-origin\",\"mask-position\",\"mask-repeat\",\"mask-size\",\"mask-type\",\"max-block-size\",\"max-height\",\"max-inline-size\",\"max-width\",\"min-block-size\",\"min-height\",\"min-inline-size\",\"min-width\",\"mix-blend-mode\",\"move-to\",\"nav-down\",\"nav-index\",\"nav-left\",\"nav-right\",\"nav-up\",\"object-fit\",\"object-position\",\"offset\",\"offset-anchor\",\"offset-distance\",\"offset-path\",\"offset-position\",\"offset-rotate\",\"opacity\",\"order\",\"orphans\",\"outline\",\"outline-color\",\"outline-offset\",\"outline-style\",\"outline-width\",\"overflow\",\"overflow-style\",\"overflow-wrap\",\"overflow-x\",\"overflow-y\",\"padding\",\"padding-bottom\",\"padding-left\",\"padding-right\",\"padding-top\",\"page\",\"page-break-after\",\"page-break-before\",\"page-break-inside\",\"page-policy\",\"pause\",\"pause-after\",\"pause-before\",\"perspective\",\"perspective-origin\",\"pitch\",\"pitch-range\",\"place-content\",\"place-items\",\"place-self\",\"play-during\",\"position\",\"presentation-level\",\"punctuation-trim\",\"quotes\",\"region-break-after\",\"region-break-before\",\"region-break-inside\",\"region-fragment\",\"rendering-intent\",\"resize\",\"rest\",\"rest-after\",\"rest-before\",\"richness\",\"right\",\"rotate\",\"rotation\",\"rotation-point\",\"row-gap\",\"ruby-align\",\"ruby-overhang\",\"ruby-position\",\"ruby-span\",\"scale\",\"scroll-behavior\",\"scroll-margin\",\"scroll-margin-block\",\"scroll-margin-block-end\",\"scroll-margin-block-start\",\"scroll-margin-bottom\",\"scroll-margin-inline\",\"scroll-margin-inline-end\",\"scroll-margin-inline-start\",\"scroll-margin-left\",\"scroll-margin-right\",\"scroll-margin-top\",\"scroll-padding\",\"scroll-padding-block\",\"scroll-padding-block-end\",\"scroll-padding-block-start\",\"scroll-padding-bottom\",\"scroll-padding-inline\",\"scroll-padding-inline-end\",\"scroll-padding-inline-start\",\"scroll-padding-left\",\"scroll-padding-right\",\"scroll-padding-top\",\"scroll-snap-align\",\"scroll-snap-type\",\"shape-image-threshold\",\"shape-inside\",\"shape-margin\",\"shape-outside\",\"size\",\"speak\",\"speak-as\",\"speak-header\",\"speak-numeral\",\"speak-punctuation\",\"speech-rate\",\"stress\",\"string-set\",\"tab-size\",\"table-layout\",\"target\",\"target-name\",\"target-new\",\"target-position\",\"text-align\",\"text-align-last\",\"text-combine-upright\",\"text-decoration\",\"text-decoration-color\",\"text-decoration-line\",\"text-decoration-skip\",\"text-decoration-skip-ink\",\"text-decoration-style\",\"text-emphasis\",\"text-emphasis-color\",\"text-emphasis-position\",\"text-emphasis-style\",\"text-height\",\"text-indent\",\"text-justify\",\"text-orientation\",\"text-outline\",\"text-overflow\",\"text-rendering\",\"text-shadow\",\"text-size-adjust\",\"text-space-collapse\",\"text-transform\",\"text-underline-position\",\"text-wrap\",\"top\",\"touch-action\",\"transform\",\"transform-origin\",\"transform-style\",\"transition\",\"transition-delay\",\"transition-duration\",\"transition-property\",\"transition-timing-function\",\"translate\",\"unicode-bidi\",\"user-select\",\"vertical-align\",\"visibility\",\"voice-balance\",\"voice-duration\",\"voice-family\",\"voice-pitch\",\"voice-range\",\"voice-rate\",\"voice-stress\",\"voice-volume\",\"volume\",\"white-space\",\"widows\",\"width\",\"will-change\",\"word-break\",\"word-spacing\",\"word-wrap\",\"writing-mode\",\"z-index\",\"clip-path\",\"clip-rule\",\"mask\",\"enable-background\",\"filter\",\"flood-color\",\"flood-opacity\",\"lighting-color\",\"stop-color\",\"stop-opacity\",\"pointer-events\",\"color-interpolation\",\"color-interpolation-filters\",\"color-rendering\",\"fill\",\"fill-opacity\",\"fill-rule\",\"image-rendering\",\"marker\",\"marker-end\",\"marker-mid\",\"marker-start\",\"paint-order\",\"shape-rendering\",\"stroke\",\"stroke-dasharray\",\"stroke-dashoffset\",\"stroke-linecap\",\"stroke-linejoin\",\"stroke-miterlimit\",\"stroke-opacity\",\"stroke-width\",\"text-rendering\",\"baseline-shift\",\"dominant-baseline\",\"glyph-orientation-horizontal\",\"glyph-orientation-vertical\",\"text-anchor\",\"writing-mode\"],c=e(d),p=[\"border-block\",\"border-block-color\",\"border-block-end\",\"border-block-end-color\",\"border-block-end-style\",\"border-block-end-width\",\"border-block-start\",\"border-block-start-color\",\"border-block-start-style\",\"border-block-start-width\",\"border-block-style\",\"border-block-width\",\"border-inline\",\"border-inline-color\",\"border-inline-end\",\"border-inline-end-color\",\"border-inline-end-style\",\"border-inline-end-width\",\"border-inline-start\",\"border-inline-start-color\",\"border-inline-start-style\",\"border-inline-start-width\",\"border-inline-style\",\"border-inline-width\",\"margin-block\",\"margin-block-end\",\"margin-block-start\",\"margin-inline\",\"margin-inline-end\",\"margin-inline-start\",\"padding-block\",\"padding-block-end\",\"padding-block-start\",\"padding-inline\",\"padding-inline-end\",\"padding-inline-start\",\"scroll-snap-stop\",\"scrollbar-3d-light-color\",\"scrollbar-arrow-color\",\"scrollbar-base-color\",\"scrollbar-dark-shadow-color\",\"scrollbar-face-color\",\"scrollbar-highlight-color\",\"scrollbar-shadow-color\",\"scrollbar-track-color\",\"searchfield-cancel-button\",\"searchfield-decoration\",\"searchfield-results-button\",\"searchfield-results-decoration\",\"shape-inside\",\"zoom\"],u=e(p),m=e([\"font-display\",\"font-family\",\"src\",\"unicode-range\",\"font-variant\",\"font-feature-settings\",\"font-stretch\",\"font-weight\",\"font-style\"]),b=e([\"additive-symbols\",\"fallback\",\"negative\",\"pad\",\"prefix\",\"range\",\"speak-as\",\"suffix\",\"symbols\",\"system\"]),g=[\"aliceblue\",\"antiquewhite\",\"aqua\",\"aquamarine\",\"azure\",\"beige\",\"bisque\",\"black\",\"blanchedalmond\",\"blue\",\"blueviolet\",\"brown\",\"burlywood\",\"cadetblue\",\"chartreuse\",\"chocolate\",\"coral\",\"cornflowerblue\",\"cornsilk\",\"crimson\",\"cyan\",\"darkblue\",\"darkcyan\",\"darkgoldenrod\",\"darkgray\",\"darkgreen\",\"darkkhaki\",\"darkmagenta\",\"darkolivegreen\",\"darkorange\",\"darkorchid\",\"darkred\",\"darksalmon\",\"darkseagreen\",\"darkslateblue\",\"darkslategray\",\"darkturquoise\",\"darkviolet\",\"deeppink\",\"deepskyblue\",\"dimgray\",\"dodgerblue\",\"firebrick\",\"floralwhite\",\"forestgreen\",\"fuchsia\",\"gainsboro\",\"ghostwhite\",\"gold\",\"goldenrod\",\"gray\",\"grey\",\"green\",\"greenyellow\",\"honeydew\",\"hotpink\",\"indianred\",\"indigo\",\"ivory\",\"khaki\",\"lavender\",\"lavenderblush\",\"lawngreen\",\"lemonchiffon\",\"lightblue\",\"lightcoral\",\"lightcyan\",\"lightgoldenrodyellow\",\"lightgray\",\"lightgreen\",\"lightpink\",\"lightsalmon\",\"lightseagreen\",\"lightskyblue\",\"lightslategray\",\"lightsteelblue\",\"lightyellow\",\"lime\",\"limegreen\",\"linen\",\"magenta\",\"maroon\",\"mediumaquamarine\",\"mediumblue\",\"mediumorchid\",\"mediumpurple\",\"mediumseagreen\",\"mediumslateblue\",\"mediumspringgreen\",\"mediumturquoise\",\"mediumvioletred\",\"midnightblue\",\"mintcream\",\"mistyrose\",\"moccasin\",\"navajowhite\",\"navy\",\"oldlace\",\"olive\",\"olivedrab\",\"orange\",\"orangered\",\"orchid\",\"palegoldenrod\",\"palegreen\",\"paleturquoise\",\"palevioletred\",\"papayawhip\",\"peachpuff\",\"peru\",\"pink\",\"plum\",\"powderblue\",\"purple\",\"rebeccapurple\",\"red\",\"rosybrown\",\"royalblue\",\"saddlebrown\",\"salmon\",\"sandybrown\",\"seagreen\",\"seashell\",\"sienna\",\"silver\",\"skyblue\",\"slateblue\",\"slategray\",\"snow\",\"springgreen\",\"steelblue\",\"tan\",\"teal\",\"thistle\",\"tomato\",\"turquoise\",\"violet\",\"wheat\",\"white\",\"whitesmoke\",\"yellow\",\"yellowgreen\"],h=e(g),f=[\"above\",\"absolute\",\"activeborder\",\"additive\",\"activecaption\",\"afar\",\"after-white-space\",\"ahead\",\"alias\",\"all\",\"all-scroll\",\"alphabetic\",\"alternate\",\"always\",\"amharic\",\"amharic-abegede\",\"antialiased\",\"appworkspace\",\"arabic-indic\",\"armenian\",\"asterisks\",\"attr\",\"auto\",\"auto-flow\",\"avoid\",\"avoid-column\",\"avoid-page\",\"avoid-region\",\"axis-pan\",\"background\",\"backwards\",\"baseline\",\"below\",\"bidi-override\",\"binary\",\"bengali\",\"blink\",\"block\",\"block-axis\",\"bold\",\"bolder\",\"border\",\"border-box\",\"both\",\"bottom\",\"break\",\"break-all\",\"break-word\",\"bullets\",\"button\",\"button-bevel\",\"buttonface\",\"buttonhighlight\",\"buttonshadow\",\"buttontext\",\"calc\",\"cambodian\",\"capitalize\",\"caps-lock-indicator\",\"caption\",\"captiontext\",\"caret\",\"cell\",\"center\",\"checkbox\",\"circle\",\"cjk-decimal\",\"cjk-earthly-branch\",\"cjk-heavenly-stem\",\"cjk-ideographic\",\"clear\",\"clip\",\"close-quote\",\"col-resize\",\"collapse\",\"color\",\"color-burn\",\"color-dodge\",\"column\",\"column-reverse\",\"compact\",\"condensed\",\"contain\",\"content\",\"contents\",\"content-box\",\"context-menu\",\"continuous\",\"copy\",\"counter\",\"counters\",\"cover\",\"crop\",\"cross\",\"crosshair\",\"currentcolor\",\"cursive\",\"cyclic\",\"darken\",\"dashed\",\"decimal\",\"decimal-leading-zero\",\"default\",\"default-button\",\"dense\",\"destination-atop\",\"destination-in\",\"destination-out\",\"destination-over\",\"devanagari\",\"difference\",\"disc\",\"discard\",\"disclosure-closed\",\"disclosure-open\",\"document\",\"dot-dash\",\"dot-dot-dash\",\"dotted\",\"double\",\"down\",\"e-resize\",\"ease\",\"ease-in\",\"ease-in-out\",\"ease-out\",\"element\",\"ellipse\",\"ellipsis\",\"embed\",\"end\",\"ethiopic\",\"ethiopic-abegede\",\"ethiopic-abegede-am-et\",\"ethiopic-abegede-gez\",\"ethiopic-abegede-ti-er\",\"ethiopic-abegede-ti-et\",\"ethiopic-halehame-aa-er\",\"ethiopic-halehame-aa-et\",\"ethiopic-halehame-am-et\",\"ethiopic-halehame-gez\",\"ethiopic-halehame-om-et\",\"ethiopic-halehame-sid-et\",\"ethiopic-halehame-so-et\",\"ethiopic-halehame-ti-er\",\"ethiopic-halehame-ti-et\",\"ethiopic-halehame-tig\",\"ethiopic-numeric\",\"ew-resize\",\"exclusion\",\"expanded\",\"extends\",\"extra-condensed\",\"extra-expanded\",\"fantasy\",\"fast\",\"fill\",\"fill-box\",\"fixed\",\"flat\",\"flex\",\"flex-end\",\"flex-start\",\"footnotes\",\"forwards\",\"from\",\"geometricPrecision\",\"georgian\",\"graytext\",\"grid\",\"groove\",\"gujarati\",\"gurmukhi\",\"hand\",\"hangul\",\"hangul-consonant\",\"hard-light\",\"hebrew\",\"help\",\"hidden\",\"hide\",\"higher\",\"highlight\",\"highlighttext\",\"hiragana\",\"hiragana-iroha\",\"horizontal\",\"hsl\",\"hsla\",\"hue\",\"icon\",\"ignore\",\"inactiveborder\",\"inactivecaption\",\"inactivecaptiontext\",\"infinite\",\"infobackground\",\"infotext\",\"inherit\",\"initial\",\"inline\",\"inline-axis\",\"inline-block\",\"inline-flex\",\"inline-grid\",\"inline-table\",\"inset\",\"inside\",\"intrinsic\",\"invert\",\"italic\",\"japanese-formal\",\"japanese-informal\",\"justify\",\"kannada\",\"katakana\",\"katakana-iroha\",\"keep-all\",\"khmer\",\"korean-hangul-formal\",\"korean-hanja-formal\",\"korean-hanja-informal\",\"landscape\",\"lao\",\"large\",\"larger\",\"left\",\"level\",\"lighter\",\"lighten\",\"line-through\",\"linear\",\"linear-gradient\",\"lines\",\"list-item\",\"listbox\",\"listitem\",\"local\",\"logical\",\"loud\",\"lower\",\"lower-alpha\",\"lower-armenian\",\"lower-greek\",\"lower-hexadecimal\",\"lower-latin\",\"lower-norwegian\",\"lower-roman\",\"lowercase\",\"ltr\",\"luminosity\",\"malayalam\",\"manipulation\",\"match\",\"matrix\",\"matrix3d\",\"media-controls-background\",\"media-current-time-display\",\"media-fullscreen-button\",\"media-mute-button\",\"media-play-button\",\"media-return-to-realtime-button\",\"media-rewind-button\",\"media-seek-back-button\",\"media-seek-forward-button\",\"media-slider\",\"media-sliderthumb\",\"media-time-remaining-display\",\"media-volume-slider\",\"media-volume-slider-container\",\"media-volume-sliderthumb\",\"medium\",\"menu\",\"menulist\",\"menulist-button\",\"menulist-text\",\"menulist-textfield\",\"menutext\",\"message-box\",\"middle\",\"min-intrinsic\",\"mix\",\"mongolian\",\"monospace\",\"move\",\"multiple\",\"multiple_mask_images\",\"multiply\",\"myanmar\",\"n-resize\",\"narrower\",\"ne-resize\",\"nesw-resize\",\"no-close-quote\",\"no-drop\",\"no-open-quote\",\"no-repeat\",\"none\",\"normal\",\"not-allowed\",\"nowrap\",\"ns-resize\",\"numbers\",\"numeric\",\"nw-resize\",\"nwse-resize\",\"oblique\",\"octal\",\"opacity\",\"open-quote\",\"optimizeLegibility\",\"optimizeSpeed\",\"oriya\",\"oromo\",\"outset\",\"outside\",\"outside-shape\",\"overlay\",\"overline\",\"padding\",\"padding-box\",\"painted\",\"page\",\"paused\",\"persian\",\"perspective\",\"pinch-zoom\",\"plus-darker\",\"plus-lighter\",\"pointer\",\"polygon\",\"portrait\",\"pre\",\"pre-line\",\"pre-wrap\",\"preserve-3d\",\"progress\",\"push-button\",\"radial-gradient\",\"radio\",\"read-only\",\"read-write\",\"read-write-plaintext-only\",\"rectangle\",\"region\",\"relative\",\"repeat\",\"repeating-linear-gradient\",\"repeating-radial-gradient\",\"repeat-x\",\"repeat-y\",\"reset\",\"reverse\",\"rgb\",\"rgba\",\"ridge\",\"right\",\"rotate\",\"rotate3d\",\"rotateX\",\"rotateY\",\"rotateZ\",\"round\",\"row\",\"row-resize\",\"row-reverse\",\"rtl\",\"run-in\",\"running\",\"s-resize\",\"sans-serif\",\"saturation\",\"scale\",\"scale3d\",\"scaleX\",\"scaleY\",\"scaleZ\",\"screen\",\"scroll\",\"scrollbar\",\"scroll-position\",\"se-resize\",\"searchfield\",\"searchfield-cancel-button\",\"searchfield-decoration\",\"searchfield-results-button\",\"searchfield-results-decoration\",\"self-start\",\"self-end\",\"semi-condensed\",\"semi-expanded\",\"separate\",\"serif\",\"show\",\"sidama\",\"simp-chinese-formal\",\"simp-chinese-informal\",\"single\",\"skew\",\"skewX\",\"skewY\",\"skip-white-space\",\"slide\",\"slider-horizontal\",\"slider-vertical\",\"sliderthumb-horizontal\",\"sliderthumb-vertical\",\"slow\",\"small\",\"small-caps\",\"small-caption\",\"smaller\",\"soft-light\",\"solid\",\"somali\",\"source-atop\",\"source-in\",\"source-out\",\"source-over\",\"space\",\"space-around\",\"space-between\",\"space-evenly\",\"spell-out\",\"square\",\"square-button\",\"start\",\"static\",\"status-bar\",\"stretch\",\"stroke\",\"stroke-box\",\"sub\",\"subpixel-antialiased\",\"svg_masks\",\"super\",\"sw-resize\",\"symbolic\",\"symbols\",\"system-ui\",\"table\",\"table-caption\",\"table-cell\",\"table-column\",\"table-column-group\",\"table-footer-group\",\"table-header-group\",\"table-row\",\"table-row-group\",\"tamil\",\"telugu\",\"text\",\"text-bottom\",\"text-top\",\"textarea\",\"textfield\",\"thai\",\"thick\",\"thin\",\"threeddarkshadow\",\"threedface\",\"threedhighlight\",\"threedlightshadow\",\"threedshadow\",\"tibetan\",\"tigre\",\"tigrinya-er\",\"tigrinya-er-abegede\",\"tigrinya-et\",\"tigrinya-et-abegede\",\"to\",\"top\",\"trad-chinese-formal\",\"trad-chinese-informal\",\"transform\",\"translate\",\"translate3d\",\"translateX\",\"translateY\",\"translateZ\",\"transparent\",\"ultra-condensed\",\"ultra-expanded\",\"underline\",\"unidirectional-pan\",\"unset\",\"up\",\"upper-alpha\",\"upper-armenian\",\"upper-greek\",\"upper-hexadecimal\",\"upper-latin\",\"upper-norwegian\",\"upper-roman\",\"uppercase\",\"urdu\",\"url\",\"var\",\"vertical\",\"vertical-text\",\"view-box\",\"visible\",\"visibleFill\",\"visiblePainted\",\"visibleStroke\",\"visual\",\"w-resize\",\"wait\",\"wave\",\"wider\",\"window\",\"windowframe\",\"windowtext\",\"words\",\"wrap\",\"wrap-reverse\",\"x-large\",\"x-small\",\"xor\",\"xx-large\",\"xx-small\"],k=e(f),y=t.concat(o).concat(a).concat(l).concat(d).concat(p).concat(g).concat(f);function w(e,t){for(var r,o=!1;null!=(r=e.next());){if(o&&\"/\"==r){t.tokenize=null;break}o=\"*\"==r}return[\"comment\",\"comment\"]}T.registerHelper(\"hintWords\",\"css\",y),T.defineMIME(\"text/css\",{documentTypes:r,mediaTypes:i,mediaFeatures:n,mediaValueKeywords:s,propertyKeywords:c,nonStandardPropertyKeywords:u,fontProperties:m,counterDescriptors:b,colorKeywords:h,valueKeywords:k,tokenHooks:{\"/\":function(e,t){return!!e.eat(\"*\")&&(t.tokenize=w)(e,t)}},name:\"css\"}),T.defineMIME(\"text/x-scss\",{mediaTypes:i,mediaFeatures:n,mediaValueKeywords:s,propertyKeywords:c,nonStandardPropertyKeywords:u,colorKeywords:h,valueKeywords:k,fontProperties:m,allowNested:!0,lineComment:\"//\",tokenHooks:{\"/\":function(e,t){return e.eat(\"/\")?(e.skipToEnd(),[\"comment\",\"comment\"]):e.eat(\"*\")?(t.tokenize=w)(e,t):[\"operator\",\"operator\"]},\":\":function(e){return!!e.match(/\\s*\\{/,!1)&&[null,null]},$:function(e){return e.match(/^[\\w-]+/),e.match(/^\\s*:/,!1)?[\"variable-2\",\"variable-definition\"]:[\"variable-2\",\"variable\"]},\"#\":function(e){return!!e.eat(\"{\")&&[null,\"interpolation\"]}},name:\"css\",helperType:\"scss\"}),T.defineMIME(\"text/x-less\",{mediaTypes:i,mediaFeatures:n,mediaValueKeywords:s,propertyKeywords:c,nonStandardPropertyKeywords:u,colorKeywords:h,valueKeywords:k,fontProperties:m,allowNested:!0,lineComment:\"//\",tokenHooks:{\"/\":function(e,t){return e.eat(\"/\")?(e.skipToEnd(),[\"comment\",\"comment\"]):e.eat(\"*\")?(t.tokenize=w)(e,t):[\"operator\",\"operator\"]},\"@\":function(e){return e.eat(\"{\")?[null,\"interpolation\"]:!e.match(/^(charset|document|font-face|import|(-(moz|ms|o|webkit)-)?keyframes|media|namespace|page|supports)\\b/i,!1)&&(e.eatWhile(/[\\w\\\\\\-]/),e.match(/^\\s*:/,!1)?[\"variable-2\",\"variable-definition\"]:[\"variable-2\",\"variable\"])},\"&\":function(){return[\"atom\",\"atom\"]}},name:\"css\",helperType:\"less\"}),T.defineMIME(\"text/x-gss\",{documentTypes:r,mediaTypes:i,mediaFeatures:n,propertyKeywords:c,nonStandardPropertyKeywords:u,fontProperties:m,counterDescriptors:b,colorKeywords:h,valueKeywords:k,supportsAtComponent:!0,tokenHooks:{\"/\":function(e,t){return!!e.eat(\"*\")&&(t.tokenize=w)(e,t)}},name:\"css\",helperType:\"gss\"})});\n","type":"application/javascript","title":"$:/plugins/tiddlywiki/codemirror/mode/css/css.js","module-type":"codemirror"},"$:/plugins/tiddlywiki/codemirror-mode-css/readme":{"title":"$:/plugins/tiddlywiki/codemirror-mode-css/readme","text":"This plugin adds Syntax Highlighting for CSS tiddlers (text/css) to the [[CodeMirror|http://codemirror.net]] text editor. It needs the latest [[CodeMirror plugin|$:/plugins/tiddlywiki/codemirror]] to be installed\n\n\n"}}}