{"tiddlers":{"$:/plugins/linonetwo/opened-tiddlers-bar/AboveStory":{"title":"$:/plugins/linonetwo/opened-tiddlers-bar/AboveStory","creator":"[[Jeffrey Wikinson]]","modifier":"LinOnetwo","tags":"$:/tags/AboveStory","type":"text/vnd.tiddlywiki","text":"<div class=\"opened-tiddlers-bar-container\">\n  <<opened-tiddlers-bar>>\n</div>"},"$:/plugins/linonetwo/opened-tiddlers-bar/LICENSE":{"title":"$:/plugins/linonetwo/opened-tiddlers-bar/LICENSE","creator":"LinOnetwo","type":"text/vnd.tiddlywiki","text":"The MIT License (MIT)\n\nCopyright (c) 2015 Jeffrey Wikinson aka Buggyj\n\nPermission is hereby granted, free of charge, to any person obtaining a copy of this software and associated documentation files (the \"Software\"), to deal in the Software without restriction, including without limitation the rights to use, copy, modify, merge, publish, distribute, sublicense, and/or sell copies of the Software, and to permit persons to whom the Software is furnished to do so, subject to the following conditions:\n\nThe above copyright notice and this permission notice shall be included in all copies or substantial portions of the Software.\n\nTHE SOFTWARE IS PROVIDED \"AS IS\", WITHOUT WARRANTY OF ANY KIND, EXPRESS OR IMPLIED, INCLUDING BUT NOT LIMITED TO THE WARRANTIES OF MERCHANTABILITY, FITNESS FOR A PARTICULAR PURPOSE AND NONINFRINGEMENT. IN NO EVENT SHALL THE AUTHORS OR COPYRIGHT HOLDERS BE LIABLE FOR ANY CLAIM, DAMAGES OR OTHER LIABILITY, WHETHER IN AN ACTION OF CONTRACT, TORT OR OTHERWISE, ARISING FROM, OUT OF OR IN CONNECTION WITH THE SOFTWARE OR THE USE OR OTHER DEALINGS IN THE SOFTWARE. "},"$:/plugins/linonetwo/opened-tiddlers-bar/Readme":{"title":"$:/plugins/linonetwo/opened-tiddlers-bar/Readme","creator":"LinOnetwo","type":"text/vnd.tiddlywiki","text":"!! Features\n\nThis plugin provides VSCode style \"Opened Tiddlers\" top bar\n\nUse the middle mouse button or the X button to close the tab.\n\nUse Shift + mouse wheel to swipe sideways to view.\n\n!! Credits\n\nThis plugin is based on [[$:/plugins/bj/storytabs|http://bjtools.tiddlyspot.com/]] , which is in MIT license, thank you, Buggyj!\n"},"$:/plugins/linonetwo/opened-tiddlers-bar/style.css":{"title":"$:/plugins/linonetwo/opened-tiddlers-bar/style.css","creator":"LinOnetwo","tags":"$:/tags/Stylesheet","type":"text/vnd.tiddlywiki","text":"/** make things in $:/tags/AboveStory position fixed, so it will always on the top */\nsection.story-backdrop .opened-tiddlers-bar-container {\n  position: fixed;\n  top: 0;\n  z-index: 1000;\n  width: 100vw;\n  left: 0;\n\n  overflow-x: auto;\n  white-space: nowrap;\n  overflow: -moz-scrollbars-none;\n  scrollbar-width: none;\n}\nsection.story-backdrop .opened-tiddlers-bar-container::-webkit-scrollbar {\n  display: none;\n}\n\nsection.story-backdrop div.opened-tiddlers-bar div.opened-tiddlers-bar-tabs {\n  display: flex;\n  flex-direction: row;\n  justify-content: flex-start;\n}\n/** make it possible to drag the app using this bar in TidGi, when titleBar is closed */\n<$reveal type=\"match\" state=\"$:/state/titleBarOpened\" text=\"no\">\ndiv.opened-tiddlers-bar-tabs {\n  width: 90vw;\n  overflow-x: auto;\n  white-space: nowrap;\n  overflow: -moz-scrollbars-none;\n  scrollbar-width: none;\n}\ndiv.opened-tiddlers-bar-tabs::-webkit-scrollbar {\n  display: none;\n}\ndiv.opened-tiddlers-bar-drag-area {\n  width: 5vw;\n  -webkit-app-region: drag;\n}\n</$reveal>\n/** when hide titlebar and hide sidebar (and on macOS, windows not tested), move bar right to avoid collision with close button on the left top of app */\n/** move right a bit to avoid collision with close button on macOS when title bar hide */\n<$reveal type=\"match\" state=\"$:/state/titleBarOpened\" text=\"no\">\n<$reveal type=\"match\" state=\"$:/state/sideBarOpened\" text=\"no\">\nsection.story-backdrop {\n  width: 100vw;\n  padding-left: 68px;\n}\n</$reveal>\n</$reveal>\n\n/** tiddlers bar */\nsection.story-backdrop > p > .opened-tiddlers-bar-container, section.story-backdrop > p > .opened-tiddlers-bar-container > div.tc-tab-buttons {\n  width: 100%;\n  margin: 0;\n  display: flex;\n  background-color: white;\n  backdrop-filter: blur(3px);\n  background: <<colour tab-background-selected>>;\n}\n\n\ndiv.opened-tiddlers-bar-tabs button {\n  border: none;\n  border-radius: 0;\n  margin: 0;\n  padding: 5px 10px;\n  padding-right: 2px;\n}\n/** x button */\ndiv.opened-tiddlers-bar-tabs button.opened-tiddlers-bar-close-button {\n  border: none;\n  border-radius: 0;\n  margin: 0;\n  padding: 0 5px;\n  opacity: 0;\n  background-color: transparent;\n}\n/** show x when tab is hovered */\ndiv.opened-tiddlers-bar-tabs:hover button.opened-tiddlers-bar-close-button {\n  opacity: 1;\n}\nsection.story-backdrop div.opened-tiddlers-bar-tabs button.tc-tab:not(.tc-tab-selected):hover {\n  border-bottom: 2px solid gray;\n}\nsection.story-backdrop div.opened-tiddlers-bar-tabs button.tc-tab:nth-child(2) {\n  margin-left: -1em;\n}\ndiv.opened-tiddlers-bar.tc-tab-buttons {\n  padding: 0;\n  margin: 0;\n}\n\n/** 收起侧边栏的按钮 */\n.tc-topbar-right {\n  top: 18px;\n}\n"},"$:/plugins/linonetwo/opened-tiddlers-bar/ui":{"title":"$:/plugins/linonetwo/opened-tiddlers-bar/ui","creator":"[[Jeffrey Wikinson]]","modifier":"LinOnetwo","tags":"$:/tags/Macro","type":"text/vnd.tiddlywiki","text":"\\define onMiddleClick()\n<$list filter=\"[<event-mousebutton>match[middle]]\">\n<$action-sendmessage $message=\"tm-close-tiddler\" $param=<<currentTab>>/>\n</$list>\n\\end\n\\define opened-tiddlers-bar()\n\\whitespace trim\n<div class=\"tc-tab-buttons opened-tiddlers-bar\" >\n  <div class=\"opened-tiddlers-bar-drag-area\" />\n  <div class=\"opened-tiddlers-bar-tabs\">\n    <$list filter=\"[list[$:/StoryList]]\" history=\"$:/HistoryList\" variable=\"currentTab\">\n      <$reveal type=\"match\" state=\"$:/HistoryList!!current-tiddler\" text=<<currentTab>>>\n        <$eventcatcher $auxclick=<<onMiddleClick>>>\n          <div style=\"display:inline\">\n            <$button to=<<currentTab>> class=\"tc-tab-selected tc-tab\">\n              <$view tiddler=<<currentTab>> field=\"name\">\n              <$view tiddler=<<currentTab>> field=\"title\" /></$view>\n              <$button message=\"tm-close-tiddler\" param=<<currentTab>> class=\"tc-image-button opened-tiddlers-bar-close-button\">\n                &times;\n              </$button>\n            </$button>\n          </div>\n        </$eventcatcher>\n      </$reveal>\n      <$reveal type=\"nomatch\" state=\"$:/HistoryList!!current-tiddler\" text=<<currentTab>>>\n        <$eventcatcher $auxclick=<<onMiddleClick>>>\n          <div>\n              <$button to=<<currentTab>> class=\"tc-tab\" >\n                <$view tiddler=<<currentTab>> field=\"name\">\n                  <$view tiddler=<<currentTab>> field=\"title\" />\n                </$view>\n                <$button message=\"tm-close-tiddler\" param=<<currentTab>> class=\"tc-image-button opened-tiddlers-bar-close-button\">\n                  &times;\n                </$button>\n              </$button>\n          </div>\n        </$eventcatcher>\n      </$reveal>\n    </$list>\n  </div>\n  <div class=\"opened-tiddlers-bar-drag-area\" />\n</div>\n\\end\n"}}}