{"tiddlers":{"$:/plugins/oflg/fishing-zh-Hans/license":{"title":"$:/plugins/oflg/fishing-zh-Hans/license","text":"MIT License\n\nCopyright (c) 2022 Guang Li\n\nPermission is hereby granted, free of charge, to any person obtaining a copy\nof this software and associated documentation files (the \"Software\"), to deal\nin the Software without restriction, including without limitation the rights\nto use, copy, modify, merge, publish, distribute, sublicense, and/or sell\ncopies of the Software, and to permit persons to whom the Software is\nfurnished to do so, subject to the following conditions:\n\nThe above copyright notice and this permission notice shall be included in all\ncopies or substantial portions of the Software.\n\nTHE SOFTWARE IS PROVIDED \"AS IS\", WITHOUT WARRANTY OF ANY KIND, EXPRESS OR\nIMPLIED, INCLUDING BUT NOT LIMITED TO THE WARRANTIES OF MERCHANTABILITY,\nFITNESS FOR A PARTICULAR PURPOSE AND NONINFRINGEMENT. IN NO EVENT SHALL THE\nAUTHORS OR COPYRIGHT HOLDERS BE LIABLE FOR ANY CLAIM, DAMAGES OR OTHER\nLIABILITY, WHETHER IN AN ACTION OF CONTRACT, TORT OR OTHERWISE, ARISING FROM,\nOUT OF OR IN CONNECTION WITH THE SOFTWARE OR THE USE OR OTHER DEALINGS IN THE\nSOFTWARE.\n","type":"text/vnd.tiddlywiki"},"$:/plugins/oflg/fishing-zh-Hans/readme":{"title":"$:/plugins/oflg/fishing-zh-Hans/readme","text":"Installation and usage tutorial is available at [[TiddleMemo Manual|https://tiddlymemo.org/manual/]].\n\n可在[[墨屉手册|https://tiddlymemo.org/manual/zh-Hans]]查看安装使用教程。","type":"text/vnd.tiddlywiki"},"$:/plugins/oflg/fishing-zh-Hans/icon":{"title":"$:/plugins/oflg/fishing-zh-Hans/icon","tags":"$:/tags/Image","text":"{{$:/languages/zh-Hans/icon}}"},"$:/language/fishing/fishing":{"title":"$:/language/fishing/fishing","text":"钓鱼"},"$:/language/fishing/calendar":{"title":"$:/language/fishing/calendar","text":"日历"},"$:/language/fishing/review":{"title":"$:/language/fishing/review","text":"上次学习"},"$:/language/fishing/due":{"title":"$:/language/fishing/due","text":"待学习"},"$:/language/fishing/undue":{"title":"$:/language/fishing/undue","text":"未到期"},"$:/language/fishing/year1st":{"title":"$:/language/fishing/year1st","text":"{start} 上半年"},"$:/language/fishing/year2st":{"title":"$:/language/fishing/year2st","text":"{start} 下半年"},"$:/language/fishing/type":{"title":"$:/language/fishing/type","text":"种类"},"$:/language/fishing/excerpt":{"title":"$:/language/fishing/excerpt","text":"摘录条目"},"$:/language/fishing/question":{"title":"$:/language/fishing/question","text":"问答题"},"$:/language/fishing/cloze":{"title":"$:/language/fishing/cloze","text":"填空题"},"$:/language/fishing/select":{"title":"$:/language/fishing/select","text":"选择题"},"$:/language/fishing/word":{"title":"$:/language/fishing/word","text":"单词题"},"$:/language/fishing/other":{"title":"$:/language/fishing/other","text":"其他问题"},"$:/language/fishing/cannedfishlibrary":{"title":"$:/language/fishing/cannedfishlibrary","text":"学习包插件库"},"$:/language/fishing/cannedfishlibrarytip":{"title":"$:/language/fishing/cannedfishlibrarytip","text":"此插件库可用来安装和更新学习包。"},"$:/language/fishing/cannedfish":{"title":"$:/language/fishing/cannedfish","text":"学习包"},"$:/language/fishing/cannedfishtip":{"title":"$:/language/fishing/cannedfishtip","text":"打包好的条目，方便使用和共享，也叫做鱼罐头"},"$:/language/fishing/annotate":{"title":"$:/language/fishing/annotate","text":"注解"},"$:/language/fishing/annotateword":{"title":"$:/language/fishing/annotateword","text":"注释单词"},"$:/language/fishing/annotatewordtip":{"title":"$:/language/fishing/annotatewordtip","text":"注释选中的单词"},"$:/language/fishing/excerptsentence":{"title":"$:/language/fishing/excerptsentence","text":"摘录句子"},"$:/language/fishing/excerptsentencetip":{"title":"$:/language/fishing/excerptsentencetip","text":"摘录选中的句子"},"$:/language/fishing/setexcerpt":{"title":"$:/language/fishing/setexcerpt","text":"设为摘录条目"},"$:/language/fishing/setexcerpttip":{"title":"$:/language/fishing/setexcerpttip","text":"设置此条目为摘录条目及所选文本为其标题"},"$:/language/fishing/setquestion":{"title":"$:/language/fishing/setquestion","text":"设为问答题条目"},"$:/language/fishing/setquestiontip":{"title":"$:/language/fishing/setquestiontip","text":"设置此条目为问答题条目及所选文本为其标题"},"$:/language/fishing/setcloze":{"title":"$:/language/fishing/setcloze","text":"设为填空题条目"},"$:/language/fishing/setclozetip":{"title":"$:/language/fishing/setclozetip","text":"设置此条目为填空题条目及所选文本为其标题"},"$:/language/fishing/setselect":{"title":"$:/language/fishing/setselect","text":"设为选择题条目"},"$:/language/fishing/setselecttip":{"title":"$:/language/fishing/setselecttip","text":"设置此条目为选择题条目及所选文本为其标题"},"$:/language/fishing/catchfishsettings":{"title":"$:/language/fishing/catchfishsettings","text":"摸鱼"},"$:/language/fishing/setparameter":{"title":"$:/language/fishing/setparameter","text":"参数"},"$:/language/fishing/setinterval":{"title":"$:/language/fishing/setinterval","text":"摘录条目的初始间隔天数"},"$:/language/fishing/setintervaltip":{"title":"$:/language/fishing/setintervaltip","text":"必须是正整数"},"$:/language/fishing/importtip":{"title":"$:/language/fishing/importtip","text":"导入学习材料"},"$:/language/fishing/colorpattern":{"title":"$:/language/fishing/colorpattern","text":"摘录句子的颜色"},"$:/language/fishing/multiply":{"title":"$:/language/fishing/multiply","text":"混合"},"$:/language/fishing/normal":{"title":"$:/language/fishing/normal","text":"遮盖"},"$:/language/fishing/urlfilter":{"title":"$:/language/fishing/urlfilter","text":"注释单词的网址"},"$:/language/fishing/setbodytip":{"title":"$:/language/fishing/setbodytip","text":"显示注解条目的条件。"},"$:/language/fishing/twpub":{"title":"$:/language/fishing/twpub","text":"TWPUB 电子书"},"$:/language/fishing/twpubtip":{"title":"$:/language/fishing/twpubtip","text":"TWPUB 是一种基于 TiddlyWiki 的电子出版物"},"$:/language/fishing/twpublibrary":{"title":"$:/language/fishing/twpublibrary","text":"TWPUB 书插件库"},"$:/language/fishing/twpublibrarytip":{"title":"$:/language/fishing/twpublibrarytip","text":"此插件库可用来安装和更新 TWPUB 书。"},"$:/language/fishing/add":{"title":"$:/language/fishing/add","text":"按章节拆分为渐进阅读材料"},"$:/language/fishing/added":{"title":"$:/language/fishing/added","text":"已拆分到常用筛选器"},"$:/language/fishing/opentwpub":{"title":"$:/language/fishing/opentwpub","text":"打开源条目"},"$:/language/fishing/readd":{"title":"$:/language/fishing/readd","text":"重新添加到常用筛选器"},"$:/language/fishing/preview":{"title":"$:/language/fishing/preview","text":"预览章节内容"},"$:/language/fishing/fishingtip":{"title":"$:/language/fishing/fishingtip","text":"渐进学习"},"$:/language/fishing/fold":{"title":"$:/language/fishing/fold","text":"展开或折叠此条目"},"$:/language/fishing/learn":{"title":"$:/language/fishing/learn","text":"学习"},"$:/language/fishing/learntip":{"title":"$:/language/fishing/learntip","text":"学习此条目"},"$:/language/fishing/reps":{"title":"$:/language/fishing/reps","text":"连续记住次数"},"$:/language/fishing/lapses":{"title":"$:/language/fishing/lapses","text":"累计遗忘次数"},"$:/language/fishing/forget":{"title":"$:/language/fishing/forget","text":"忘记"},"$:/language/fishing/forgettip":{"title":"$:/language/fishing/forgettip","text":"忘记答案"},"$:/language/fishing/remember":{"title":"$:/language/fishing/remember","text":"记得"},"$:/language/fishing/remembertip":{"title":"$:/language/fishing/remembertip","text":"记得答案"},"$:/language/fishing/grasp":{"title":"$:/language/fishing/grasp","text":"掌握"},"$:/language/fishing/grasptip":{"title":"$:/language/fishing/grasptip","text":"掌握问题"},"$:/language/fishing/discard":{"title":"$:/language/fishing/discard","text":"舍弃"},"$:/language/fishing/discardtip":{"title":"$:/language/fishing/discardtip","text":"不再学习此条目"},"$:/language/fishing/fishingpondtip":{"title":"$:/language/fishing/fishingpondtip","text":"学习此组条目"},"$:/language/fishing/new":{"title":"$:/language/fishing/new","text":"新添加"},"$:/language/fishing/commonfiltertip":{"title":"$:/language/fishing/commonfiltertip","text":"常用筛选器"},"$:/language/fishing/addfiltertip":{"title":"$:/language/fishing/addfiltertip","text":"添加到常用筛选器"},"$:/language/fishing/unaddfiltertip":{"title":"$:/language/fishing/unaddfiltertip","text":"取消添加此常用筛选器"},"$:/language/fishing/fillfiltertip":{"title":"$:/language/fishing/fillfiltertip","text":"填入此筛选器"},"$:/language/fishing/customisefiltertip":{"title":"$:/language/fishing/customisefiltertip","text":"自定义此筛选器的行为"},"$:/language/fishing/setalias":{"title":"$:/language/fishing/setalias","text":"别名"},"$:/language/fishing/typealias":{"title":"$:/language/fishing/typealias","text":"输入别名"},"$:/language/fishing/setorder":{"title":"$:/language/fishing/setorder","text":"学习顺序"},"$:/language/fishing/autoorder":{"title":"$:/language/fishing/autoorder","text":"自动优先级"},"$:/language/fishing/dueorder":{"title":"$:/language/fishing/dueorder","text":"到期时间 先-后"},"$:/language/fishing/undueorder":{"title":"$:/language/fishing/undueorder","text":"到期时间 后-先"},"$:/language/fishing/modifiedorder":{"title":"$:/language/fishing/modifiedorder","text":"修改时间 先-后"},"$:/language/fishing/unmodifiedorder":{"title":"$:/language/fishing/unmodifiedorder","text":"修改时间 后-先"},"$:/language/fishing/createdorder":{"title":"$:/language/fishing/createdorder","text":"创建时间 先-后"},"$:/language/fishing/uncreatedorder":{"title":"$:/language/fishing/uncreatedorder","text":"创建时间 后-先"},"$:/language/fishing/azorder":{"title":"$:/language/fishing/azorder","text":"标题 A-Z"},"$:/language/fishing/zaorder":{"title":"$:/language/fishing/zaorder","text":"标题 Z-A"},"$:/language/fishing/randomorder":{"title":"$:/language/fishing/randomorder","text":"随机"},"$:/language/fishing/viewfiltertip":{"title":"$:/language/fishing/viewfiltertip","text":"查看此筛选器的相关条目"},"$:/language/fishing/exportdatatip":{"title":"$:/language/fishing/exportdatatip","text":"导出学习数据并上传到开源平台以改进 FSRS 算法"},"$:/language/fishing/settings":{"title":"$:/language/fishing/settings","text":"这些高级设置让您定制钓鱼的行为。"},"$:/language/fishing/globalsettings":{"title":"$:/language/fishing/globalsettings","text":"全局"},"$:/language/fishing/setretention":{"title":"$:/language/fishing/setretention","text":"目标学习率"},"$:/language/fishing/setretentiontip":{"title":"$:/language/fishing/setretentiontip","text":"必须在 0.7 和 0.95 之间"},"$:/language/fishing/settitletip":{"title":"$:/language/fishing/settitletip","text":"显示条目副标题的条件。"},"$:/language/fishing/setlearntip":{"title":"$:/language/fishing/setlearntip","text":"显示学习条目的条件。"},"$:/language/fishing/pluginlibrary":{"title":"$:/language/fishing/pluginlibrary","text":"墨屉插件库"},"$:/language/fishing/pluginlibrarytip":{"title":"$:/language/fishing/pluginlibrarytip","text":"此插件库可用来安装和更新墨屉的相关插件。"}}}