{"tiddlers":{"$:/plugins/kookma/utility/actions/view-fields":{"title":"$:/plugins/kookma/utility/actions/view-fields","code-body":"yes","key":"((view-fields))","tags":"$:/tags/KeyboardShortcut","type":"text/vnd.tiddlywiki","text":"<$action-listops $tiddler=\"$:/state/utility/view-fields\" $field=\"text\" $subfilter=\"+[toggle[show],[hide]]\" />"},"$:/config/ShortcutInfo/customize-ui":{"title":"$:/config/ShortcutInfo/customize-ui","tags":"","type":"text/vnd.tiddlywiki","text":"Show customize UI dialog"},"$:/config/ShortcutInfo/switch-reader-mode":{"title":"$:/config/ShortcutInfo/switch-reader-mode","type":"text/vnd.tiddlywiki","text":"Toggle the reader mode"},"$:/config/ShortcutInfo/view-fields":{"title":"$:/config/ShortcutInfo/view-fields","tags":"","type":"text/vnd.tiddlywiki","text":"Show fields in view mode"},"$:/config/shortcuts/customize-ui":{"title":"$:/config/shortcuts/customize-ui","type":"text/vnd.tiddlywiki","text":"ctrl-shift-Period"},"$:/config/shortcuts/switch-reader-mode":{"title":"$:/config/shortcuts/switch-reader-mode","type":"text/vnd.tiddlywiki","text":"ctrl-shift-Slash"},"$:/config/shortcuts/view-fields":{"title":"$:/config/shortcuts/view-fields","tags":"","type":"text/vnd.tiddlywiki","text":"ctrl-Slash"},"$:/plugins/kookma/utility/customize-ui/actions":{"title":"$:/plugins/kookma/utility/customize-ui/actions","key":"((customize-ui))","tags":"$:/tags/KeyboardShortcut","type":"text/vnd.tiddlywiki","text":"<$action-sendmessage $message=\"tm-modal\" $param=\"$:/plugins/kookma/utility/customize-ui/modal\" />"},"$:/plugins/kookma/utility/customize-ui/modal":{"title":"$:/plugins/kookma/utility/customize-ui/modal","caption":"Customize UI elements","tags":"","type":"text/vnd.tiddlywiki","text":"''Show/hide selected UI elements''\n\n<div class=\"tc-control-panel\">\n<$macrocall $name=\"tabs\" tabsList=\"[all[shadows+tiddlers]tag[$:/tags/ControlPanel/Toolbars]!has[draft.of]] [all[shadows+tiddlers]tag[$:/tags/Utility/UI]!has[draft.of]]\" default=\"$:/core/ui/ControlPanel/Toolbars/ViewToolbar\" class=\"tc-vertical\" explicitState=\"$:/state/tabs/controlpanel/toolbars-1345989671\"/>\n</div>"},"$:/plugins/kookma/utility/customize-ui/sidebar-elements":{"title":"$:/plugins/kookma/utility/customize-ui/sidebar-elements","caption":"Sidebar elements","tags":"$:/tags/Utility/UI","type":"text/vnd.tiddlywiki","text":"Choose which elements are displayed in right sidebar. \n\n<$checkbox tiddler=\"$:/core/ui/TopBar/menu\" tag=\"$:/tags/TopRightBar\"/> Show right sidebar toggle button<br/>\n<$checkbox tiddler=\"$:/core/ui/SideBarSegments/search\" tag=\"$:/tags/SideBarSegment\"/> Show search bar<br/>\n<$checkbox tiddler=\"$:/core/ui/SideBarSegments/tabs\" tag=\"$:/tags/SideBarSegment\"/> Show sidebar tabs<br/>\n<!-- reserved\n<$checkbox tiddler=\"$:/config/custom-segment\" tag=\"$:/tags/SideBarSegment\"/> Show custom menu -->"},"$:/plugins/kookma/utility/customize-ui/sidebar-tabs":{"title":"$:/plugins/kookma/utility/customize-ui/sidebar-tabs","caption":"Sidebar tabs","list-after":"$:/plugins/kookma/utility/customize-ui/sidebar-elements","tags":"$:/tags/Utility/UI","type":"text/vnd.tiddlywiki","text":"Choose which tabs are displayed in right sidebar tabs. \n\n<$checkbox tiddler=\"$:/core/ui/SideBar/Open\" tag=\"$:/tags/SideBar\"/> Show Open tab<br/>\n<$checkbox tiddler=\"$:/core/ui/SideBar/Recent\" tag=\"$:/tags/SideBar\"/> Show Recent tab<br/>\n<$checkbox tiddler=\"$:/core/ui/SideBar/Tools\" tag=\"$:/tags/SideBar\"/> Show Tools tab<br/>\n<$checkbox tiddler=\"$:/core/ui/SideBar/More\" tag=\"$:/tags/SideBar\"/> Show More tab<br/>"},"$:/plugins/kookma/utility/customize-ui/site-option":{"title":"$:/plugins/kookma/utility/customize-ui/site-option","caption":"Site options","list-before":"","tags":"$:/tags/Utility/UI","type":"text/vnd.tiddlywiki","text":"Choose which elements are displayed for site. \n\n<$checkbox tiddler=\"$:/core/ui/SideBarSegments/site-title\" tag=\"$:/tags/SideBarSegment\"/> Show site title<br/>\n<$checkbox tiddler=\"$:/core/ui/SideBarSegments/site-subtitle\" tag=\"$:/tags/SideBarSegment\"/> Show site subtitle<br/>\n<$checkbox tiddler=\"$:/core/ui/SideBarSegments/page-controls\" tag=\"$:/tags/SideBarSegment\"/> Show page controls<br/>"},"$:/plugins/kookma/utility/history":{"title":"$:/plugins/kookma/utility/history","tags":"","type":"text/vnd.tiddlywiki","text":"* ''2.4.0'' -- 2022.11.10 -- center storyriver when sidebar closed\n* ''2.3.4'' -- 2022.10.24 -- bug fixes\n* ''2.3.0'' -- 2022.08.02 -- new macros, update to Tiddlywiki 5.2.3\n* ''2.1.6'' -- 2022.07.06 -- bug fixes, update to Tiddlywiki 5.2.2\n* ''2.1.6'' -- 2021.05.20 -- bug fixes, new state tiddler for view fields\n* ''2.1.4'' -- 2021.04.09 -- new viewtemplate for show fields used\n* ''2.1.2'' -- 2020.04.03 -- page control button issue fixed\n* ''2.1.1'' -- 2020.03.25 -- page control button improved and minor issues in css fixed\n* ''2.1.0'' -- 2020.03.23 -- new transclusion output for fields macro and disable drag and drop globally\n* ''2.0.0'' -- 2020.03.16 -- new author-reader mode switch\n* ''1.8.0'' -- 2020.03.13 -- admin panel added\n* ''1.7.0'' -- 2020.02.23 -- show tiddler raw content including the macros on demand\n* ''1.0.0'' -- 2019.10.13 -- stable release\n* ''0.5.0'' -- 2019.10.10 -- first beta release"},"$:/plugins/kookma/utility/images/view-fields.svg":{"title":"$:/plugins/kookma/utility/images/view-fields.svg","tags":"","type":"text/vnd.tiddlywiki","text":"<svg xmlns=\"http://www.w3.org/2000/svg\" class=\"tc-image-button tc-image-view-fields\" width=\"22pt\" height=\"22pt\" viewBox=\"0 0 24 24\"><path d=\"M0 0h24v24H0z\" fill=\"none\"/><path d=\"M7 11H1v2h6v-2zm2.17-3.24L7.05 5.64 5.64 7.05l2.12 2.12 1.41-1.41zM13 1h-2v6h2V1zm5.36 6.05l-1.41-1.41-2.12 2.12 1.41 1.41 2.12-2.12zM17 11v2h6v-2h-6zm-5-2c-1.66 0-3 1.34-3 3s1.34 3 3 3 3-1.34 3-3-1.34-3-3-3zm2.83 7.24l2.12 2.12 1.41-1.41-2.12-2.12-1.41 1.41zm-9.19.71l1.41 1.41 2.12-2.12-1.41-1.41-2.12 2.12zM11 23h2v-6h-2v6z\"/></svg>"},"$:/language/Buttons/Utility/Caption":{"title":"$:/language/Buttons/Utility/Caption","tags":"","type":"text/vnd.tiddlywiki","text":"show fields"},"$:/language/Buttons/Utility/Hint":{"title":"$:/language/Buttons/Utility/Hint","tags":"","type":"text/vnd.tiddlywiki","text":"Show fields"},"$:/plugins/kookma/utility/license":{"title":"$:/plugins/kookma/utility/license","tags":"","type":"text/vnd.tiddlywiki","text":"Distributed under an MIT license.\n\nCopyright (c) 2019-2022 [[Mohammad Rahmani|https://github.com/kookma]]\n\n<<<\nPermission is hereby granted, free of charge, to any person obtaining a copy of this software and associated documentation files (the \"Software\"), to deal in the Software without restriction, including without limitation the rights to use, copy, modify, merge, publish, distribute, sublicense, and/or sell copies of the Software, and to permit persons to whom the Software is furnished to do so, subject to the following conditions:\n\nThe above copyright notice and this permission notice shall be included in all copies or substantial portions of the Software.\n\nTHE SOFTWARE IS PROVIDED \"AS IS\", WITHOUT WARRANTY OF ANY KIND, EXPRESS OR IMPLIED, INCLUDING BUT NOT LIMITED TO THE WARRANTIES OF MERCHANTABILITY, FITNESS FOR A PARTICULAR PURPOSE AND NONINFRINGEMENT. IN NO EVENT SHALL THE AUTHORS OR COPYRIGHT HOLDERS BE LIABLE FOR ANY CLAIM, DAMAGES OR OTHER LIABILITY, WHETHER IN AN ACTION OF CONTRACT, TORT OR OTHERWISE, ARISING FROM, OUT OF OR IN CONNECTION WITH THE SOFTWARE OR THE USE OR OTHER DEALINGS IN THE SOFTWARE.\n<<<\n"},"$:/plugins/kookma/utility/macros/code":{"title":"$:/plugins/kookma/utility/macros/code","tags":"$:/tags/Macro","type":"text/vnd.tiddlywiki","text":"\\define code(src, language:\"xml\", caption:\"\")\n<$let code     = {{{  [<__src__>is[tiddler]get[text]]  [<__src__>is[blank]then{!!text}else<__src__>] }}} >\n<figure class=\"kk-utility-fig\">\n<$list filter=\"[<__caption__>!is[blank]]\"><figcaption class=<<__class__>>>$caption$</figcaption></$list>\n<div class=\"kk-utility-code\">\n<$button class=\"tc-btn-invisible kk-utility-copy-btn\"\n         style=\"\" message=\"tm-copy-to-clipboard\"\n         param=<<code>>\n         tooltip={{$:/language/Buttons/CopyToClipboard/Hint}} >\n{{$:/core/images/copy-clipboard}}\n</$button>\n<$codeblock language=<<__language__>> code=<<code>> />\n</div>\n</figure>\n</$let>\n\\end"},"$:/plugins/kookma/utility/macros/custom-transclusion":{"title":"$:/plugins/kookma/utility/macros/custom-transclusion","tags":"$:/tags/Macro","type":"text/vnd.tiddlywiki","text":"\\define code-link(tiddler, caption)\n<div style=\"margin-top:10px;\">\n<$set name=selected-tiddler value=\"$tiddler$\" emptyValue=<<currentTiddler>> >\n\n<$link to=<<selected-tiddler>>/>\n\n<$macrocall $name=\"code\" language={{{[<selected-tiddler>get[type]]}}} src={{{[<selected-tiddler>get[text]]}}} caption=<<__caption__>>/>\n</$set>\n</div>\n\\end\n\n\\define content(tiddler)\n<$set name=selected-tiddler value=\"$tiddler$\" emptyValue=<<currentTiddler>> >\n<$link to=<<selected-tiddler>>/>\n<$transclude tiddler=<<selected-tiddler>> mode=\"block\"/>\n</$set>\n\\end\n\n\\define description(tiddler)\n<$set name=selected-tiddler value=\"$tiddler$\" emptyValue=<<currentTiddler>> >\n<dl><dt><$link to=<<selected-tiddler>>/></dt><dd><$transclude tiddler=<<selected-tiddler>> field=\"description\"/></dd></dl>\n</$set>\n\\end\n\n\\define fields(tiddler)\n<$tiddler  tiddler={{{[<__tiddler__>get[title]else<currentTiddler>]}}} >\n<$link/>\n<table class=\"kk-utility-tbl-borderless\">\n<$list filter='[<currentTiddler>fields:exclude[text title created modified tags creator modifier type revision bag]]' variable=fld emptyMessage='<tr><td>no fields</td></tr>'>\n<tr><td style=\"text-align:right\"><<fld>>:</td><td><$text text={{{[<currentTiddler>get<fld>]}}}/></td></tr>\n</$list>\n</table>\n</$tiddler>\n\\end"},"$:/plugins/kookma/utility/macros/doc-svg":{"title":"$:/plugins/kookma/utility/macros/doc-svg","tags":"$:/tags/Macro","type":"text/vnd.tiddlywiki","text":"\\define doc-svg(tiddler:\"\", color:\"\")\n<span class=\"kk-doc\" style=\"fill:$color$;\"><$transclude tiddler=<<__tiddler__>> /></span>\n\\end"},"$:/plugins/kookma/utility/macros/docit":{"title":"$:/plugins/kookma/utility/macros/docit","tags":"$:/tags/Macro","type":"text/vnd.tiddlywiki","text":"\\define docit()\n<div class=\"alert alert-danger\">\n''To Be Documented''. Created on <$view field=created format=date template=\"YYYY.0MM.0DD\"/>\n</div>\n\\end\n\n\n"},"$:/plugins/kookma/utility/macros/find":{"title":"$:/plugins/kookma/utility/macros/find","created":"20181213121411187","modified":"20200325124037811","tags":"$:/tags/Macro","type":"text/vnd.tiddlywiki","text":"\\define find(text, begin, end, output:\"simple\", mode:\"all\")\n<$vars \n  fulltext=<<__text__>>\n  start=<<__begin__>>\n  stop=<<__end__>>\n  output-macro=<<__output__>>\n>\n<$list variable=\"p1\" filter=\"[<fulltext>splitbefore<start>]\">\n<$list variable=\"p2\" filter=\"[<fulltext>removeprefix<p1>]\">\n<$list variable=\"p3\" filter=\"[<p2>splitbefore<stop>removesuffix<stop>]\">\n<$macrocall $name=<<output-macro>> p=<<p3>> />\n<$reveal type=\"match\" text=\"all\" default=<<__mode__>> >\n<$macrocall $name=\"find\"\n  text={{{[<p2>removeprefix<p3>removeprefix<stop>]}}}\n  begin=<<start>>\n  end=<<stop>>\n  output=<<output-macro>>\n/>\n</$reveal>\n</$list>\n</$list>\n</$list>\n</$vars>\n\\end\n\n\\define simple(p)\n<$text text=<<__p__>> />\n\\end\n\n\\define simple-list(p)\n<li><$text text=<<__p__>>/></li>\n\\end"},"$:/plugins/kookma/utility/macros/linkify":{"title":"$:/plugins/kookma/utility/macros/linkify","tags":"$:/tags/Macro","type":"text/vnd.tiddlywiki","text":"\\define linkify(tiddler:\"\", field:\"caption\")\n<$link to=<<__tiddler__>> >\n<$view tiddler=<<__tiddler__>> field=<<__field__>> >\n<$view tiddler=<<__tiddler__>> field=\"title\" />\n</$view>\n</$link>\n\\end"},"$:/plugins/kookma/utility/macros/lorem":{"title":"$:/plugins/kookma/utility/macros/lorem","author":"Jeremy Ruston","description":"creates few paragraphs of dumy text","tags":"$:/tags/Macro","type":"text/vnd.tiddlywiki","text":"\\define .lorem(np:1)\n<$list filter=\"[range[1,$np$]]\" variable=null>\nLorem ipsum dolor sit amet, consectetur adipisicing elit, sed do eiusmod tempor incididunt ut labore et dolore magna aliqua. Ut enim ad minim veniam, quis nostrud exercitation ullamco laboris nisi ut aliquip ex ea commodo consequat. Duis aute irure dolor in reprehenderit in voluptate velit esse cillum dolore eu fugiat nulla pariatur. Excepteur sint occaecat cupidatat non proident, sunt in culpa qui officia deserunt mollit anim id est laborum.\n<$list filter=\"[<__np__>!match[1]]\"><p/></$list>\n</$list>\n\\end"},"$:/plugins/kookma/utility/macros/reveal-code":{"title":"$:/plugins/kookma/utility/macros/reveal-code","code-body":"yes","tags":"","type":"text/vnd.tiddlywiki","text":"\\define reveal-tiddler-code(title:\"\", status:\"\")\n<details title=\"Show/hide tiddler code\" class=\"kk-utility-details\" $status$>\n<summary>$title$</summary>\n<$macrocall $name=\"code\" language=xml src={{!!text}} />\n</details>\n\\end\n<!-- Used as viewTemplate see:$:/plugins/kookma/utility/viewtemplates/reveal-code -->\n<$set name=revealFilter tiddler=\"$:/config/Utility/Reveal-code-filter\" field=text>\n<$let systemFilter={{{ [[$:/config/ViewTemplateBodyFilters/system]get[text]split[+]butlast[]] }}}\n      showFilter  =\"[all[current]tag[show-content]]\n                    [all[current]tag[$:/tags/EditTemplate]]\n                    [all[current]tag[$:/tags/ViewTemplate]] \n                    [all[current]tag[$:/tags/Macro]!prefix[$:/core]]\n                    [all[current]subfilter<revealFilter>]\"\n      stylesFilter=\"[all[current]tag[$:/tags/Stylesheet]] [type[text/css]]\"\n      hasCodebody =\"[all[current]field:code-body[yes]]\"\n>\n<!-- Tiddlers with reveal code button at the tiddler bottom by default code is hidden-->\n<$list filter=\"[all[current]] -[subfilter<systemFilter>] -[subfilter<showFilter>] -[subfilter<stylesFilter>] -[subfilter<hasCodebody>] +[limit[1]]\">\n<<reveal-tiddler-code title:\"Code\">>\n</$list>\n<!-- Tiddlers with reveal code button at the tiddler bottom by default code is shown-->\n<$list filter=\"[subfilter<showFilter>] +[limit[1]]\">\n  <<reveal-tiddler-code title:\"Code\" status:\"open\">>\n</$list>\n</$let>\n</$set>"},"$:/plugins/kookma/utility/macros/show-macro":{"title":"$:/plugins/kookma/utility/macros/show-macro","created":"20190317174614898","modified":"20201130152604002","tags":"$:/tags/Macro","type":"text/vnd.tiddlywiki","text":"\\define disp-macro-contents(p)\n<pre>\\define<$text text=<<__p__>> />\\end</pre>\n\\end\n\n\\define show-macro(tiddler)\n<$set name=selected-tiddler value=\"$tiddler$\" emptyValue=<<currentTiddler>> >\n<$macrocall $name='find'\n  text={{{[<selected-tiddler>get[text]]}}}\n  begin=\"\\define\"\n  end=\"\\end\"\n  output=\"disp-macro-contents\"/>\n</$set>\n\\end"},"$:/plugins/kookma/utility/macros/simple-navigation":{"title":"$:/plugins/kookma/utility/macros/simple-navigation","created":"20190823062102008","modified":"20200126151115600","tags":"$:/tags/Macro","type":"text/vnd.tiddlywiki","text":"\\define simple-navigation(tag:\"demo\", class, close:\"no\")\n<$list filter=\"[all[current]tag<__tag__>]\">\n<div class=\"$class$\">\n<$list filter=\"[tag<__tag__>before<currentTiddler>]\" variable=\"prevTiddler\">\n<$button to=<<prevTiddler>> tooltip=<<prevTiddler>> class=\"tc-btn-invisible $class$\">previous\n<$list filter=\"[<__close__>match[yes]]\" variable=ignore><$action-sendmessage $message=\"tm-close-tiddler\" $param=<<currentTiddler>>/></$list>\n</$button>\n</$list>\n<$list filter=\"[tag<__tag__>after<currentTiddler>] [tag<__tag__>before<currentTiddler>] +[count[]] -1\" variable=ignore>|</$list>\n<$list filter=\"[tag<__tag__>after<currentTiddler>]\" variable=\"nextTiddler\">\n<$button to=<<nextTiddler>> tooltip=<<nextTiddler>> class=\"tc-btn-invisible $class$\">next\n<$list filter=\"[<__close__>match[yes]]\" variable=ignore><$action-sendmessage $message=\"tm-close-tiddler\" $param=<<currentTiddler>>/></$list>\n</$button>\n</$list>\n</div>\n</$list>\n\\end"},"$:/plugins/kookma/utility/macros/unique-id":{"title":"$:/plugins/kookma/utility/macros/unique-id","author":"Jeremy Ruston","description":"creates a unique id for permanent state tiddler","tags":"$:/tags/Macro","type":"text/vnd.tiddlywiki","text":"\\define create_id_from_timedata(prefix) $prefix$-<<now [UTC]YYYY0MM0DD0hh0mm0ssXXX>>\n\n\\define unique-id(prefix:id)\n<$wikify name=id text=<<create_id_from_timedata \"\"\"$prefix$\"\"\">>  >\n<$button tooltip=\"create unique id\" class=\"tc-btn-invisible\" message=\"tm-copy-to-clipboard\" param=<<id>> >{{$:/core/images/copy-clipboard}} \n</$button> <$text text=<<id>>/>\n</$wikify>\n\\end\n"},"$:/plugins/kookma/utility/macros/wikitext-macros":{"title":"$:/plugins/kookma/utility/macros/wikitext-macros","tags":"$:/tags/Macro","type":"text/vnd.tiddlywiki","text":"\\define wikitext-example(src)\n<div class=\"doc-example\">\n\n<$macrocall $name=\"copy-to-clipboard-above-right\" src=<<__src__>>/>\n\n```\n$src$\n```\n\nThat renders as:\n\n$$$text/vnd.tiddlywiki\n$src$\n$$$\n\n... and the underlying HTML is:\n\n$$$text/vnd.tiddlywiki>text/html\n$src$\n$$$\n</div>\n\\end\n\n\\define wikitext-example-without-html(src)\n<div class=\"doc-example\">\n\n<$macrocall $name=\"copy-to-clipboard-above-right\" src=<<__src__>>/>\n\n```\n$src$\n```\n\nThat renders as:\n\n$$$text/vnd.tiddlywiki\n$src$\n$$$\n</div>\n\\end\n\n<!--\n; Credit\n:Jeremy Ruston TW 5.1.18\n\nThe wiki-text macros are set of macro for documenting TW codes.\n-->"},"$:/plugins/kookma/utility/reader-mode/styles":{"title":"$:/plugins/kookma/utility/reader-mode/styles","tags":"$:/tags/Stylesheet","type":"text/vnd.tiddlywiki","text":"<!-- this tiddler is a modified $:/plugins/tiddlywiki/tiddlyweb/readonly from Tiddlyweb plugin -->\n\\define button-selector(title)\nbutton.$title$, .tc-drop-down button.$title$, div.$title$\n\\end\n\n\\define hide-edit-controls()\n<<button-selector tc-btn-\\%24\\%3A\\%2Fcore\\%2Fui\\%2FButtons\\%2Fclone>>,\n<<button-selector tc-btn-\\%24\\%3A\\%2Fcore\\%2Fui\\%2FButtons\\%2Fdelete>>,\n<<button-selector tc-btn-\\%24\\%3A\\%2Fcore\\%2Fui\\%2FButtons\\%2Fedit>>,\n<<button-selector tc-btn-\\%24\\%3A\\%2Fcore\\%2Fui\\%2FButtons\\%2Fnew-here>>,\n<<button-selector tc-btn-\\%24\\%3A\\%2Fcore\\%2Fui\\%2FButtons\\%2Fnew-journal-here>>,\n<<button-selector tc-btn-\\%24\\%3A\\%2Fcore\\%2Fui\\%2FButtons\\%2Fimport>>,\n<<button-selector tc-btn-\\%24\\%3A\\%2Fcore\\%2Fui\\%2FButtons\\%2Fmanager>>,\n<<button-selector tc-btn-\\%24\\%3A\\%2Fcore\\%2Fui\\%2FButtons\\%2Fnew-image>>,\n<<button-selector tc-btn-\\%24\\%3A\\%2Fcore\\%2Fui\\%2FButtons\\%2Fnew-journal>>,\n<<button-selector tc-btn-\\%24\\%3A\\%2Fcore\\%2Fui\\%2FButtons\\%2Fnew-tiddler>>{\n\tdisplay: none;\n}\n\\end\n\n\\define hide-user-selected-controls()\n<<button-selector tc-btn-\\%24\\%3A\\%2Fcore\\%2Fui\\%2FButtons\\%2Fcontrol-panel>>,\n<<button-selector tc-btn-\\%24\\%3A\\%2Fcore\\%2Fui\\%2FButtons\\%2Fsave-wiki>>,\n<<button-selector tc-btn-\\%24\\%3A\\%2Fcore\\%2Fui\\%2FButtons\\%2Finfo>>,\n<<button-selector tc-btn-\\%24\\%3A\\%2Fplugins\\%2Fkookma\\%2Fcommander\\%2Fbuttons\\%2Fpagecontrol>>,\n<<button-selector tc-btn-\\%24\\%3A\\%2Fplugins\\%2Fkookma\\%2Ftrashbin\\%2Fui\\%2Ftoolbar-button>>,\n<<button-selector tc-btn-\\%24\\%3A\\%2Fplugins\\%2Fkookma\\%2Ffavorites\\%2Fui\\%2Fbuttons\\%2Fadd-remove>>,\n<<button-selector tc-btn-\\%24\\%3A\\%2Fplugins\\%2Fkookma\\%2Futility\\%2Fui\\%2FButtons\\%2FViewFields>> {\n\tdisplay: none;\n}\n\\end\n\n<$reveal state=\"$:/status/IsReaderMode\" type=\"match\" text=\"yes\" default=\"no\"> <!-- by default reader mode is off -->\n\n\\rules only filteredtranscludeinline transcludeinline macrodef macrocallinline macrocallblock\n\n<<hide-edit-controls>>\n<<hide-user-selected-controls>>\n</$reveal>"},"$:/plugins/kookma/utility/reader-mode/switch-actions":{"title":"$:/plugins/kookma/utility/reader-mode/switch-actions","key":"((switch-reader-mode))","tags":"$:/tags/KeyboardShortcut","type":"text/vnd.tiddlywiki","text":"<!-- Toggle reader mode status tiddler: Used in  $:/plugins/kookma/utility/styles/reader-mode-->\n<$action-listops $tiddler=\"$:/status/IsReaderMode\" $field=text $subfilter=\"+[toggle[yes]]\"/>\n\n\n<!-- hide core sidebar tabs -->\n<$list filter=\"$:/core/ui/SideBar/Tools $:/core/ui/SideBar/More\">\n<$action-listops $tiddler=<<currentTiddler>> $field=tags $subfilter=\"+[toggle[$:/tags/SideBar]]\"/>\n</$list>\n\n<!-- hide third party plugin sidebar tabs: first check if tab is exist -->\n<$list filter=\"\"\"\n $:/plugins/kookma/trashbin/sidebar-tab \n $:/plugins/kookma/favorites/ui/sidebar/active-tab\n +[is[shadow]]\n \"\"\">\n<$action-listops $tiddler=<<currentTiddler>> $field=tags $subfilter=\"+[toggle[$:/tags/SideBar]]\"/>\n</$list>\n\n\n\n<!-- disable drag and drop -->\n<$action-listops $tiddler=\"$:/config/DragAndDrop/Enable\" $field=text $subfilter=\"+[toggle[no]]\"/>\n"},"$:/plugins/kookma/utility/readme":{"title":"$:/plugins/kookma/utility/readme","tags":"","type":"text/vnd.tiddlywiki","text":"; Utility plugin\nThe utility plugin objective is to provide set of tools for authors. These tools includes simple transclusions, show raw contents of tiddlers, reader mode, wikitext macros, show fields in view mode, linkify, code, docit, and much more!\n\n; Code and demo\nFor learning plugin features, syntax, tutorial and examples see the plugin demo and code pages\n\n* Demo: https://kookma.github.io/TW-Utility/\n* Code: https://github.com/kookma/TW-Utility\n"},"$:/plugins/kookma/utility/snippets/code-macro":{"title":"$:/plugins/kookma/utility/snippets/code-macro","caption":"Code","tags":"$:/tags/TextEditor/Snippet","type":"text/vnd.tiddlywiki","text":"<<code src:\"\" language:\"xml\" title:\"\">>"},"$:/plugins/kookma/utility/snippets/macrocall-wikitext-example":{"title":"$:/plugins/kookma/utility/snippets/macrocall-wikitext-example","caption":"Wikitext-example macrocall","tags":"$:/tags/TextEditor/Snippet","type":"text/vnd.tiddlywiki","text":"<$macrocall $name=\"wikitext-example-without-html\" \nsrc=\"\"\"\n\"\"\"/>"},"$:/plugins/kookma/utility/snippets/wikitext-macro":{"title":"$:/plugins/kookma/utility/snippets/wikitext-macro","caption":"Wikitext-example","tags":"$:/tags/TextEditor/Snippet","type":"text/vnd.tiddlywiki","text":"<<wikitext-example-without-html \nsrc:\"\"\"\n\"\"\">>"},"$:/plugins/kookma/utility/styles/centered-storyriver":{"title":"$:/plugins/kookma/utility/styles/centered-storyriver","description":"makes storyriver centered when sidebar is closed","tags":"","type":"text/vnd.tiddlywiki","text":"\\rules only filteredtranscludeinline transcludeinline macrodef macrocallinline html\n<$list filter=\"[[$:/state/sidebar]get[text]match[no]]\" variable=null>\n:not([data-tiddler-title^=\"Draft of '\"]).tc-tiddler-frame  {\nmin-width: 600px;\nmax-width: 50vw;\nmargin-left: auto;\nmargin-right: auto;\n}\n</$list>"},"$:/plugins/kookma/utility/styles/code":{"title":"$:/plugins/kookma/utility/styles/code","text":"figure.kk-utility-fig {\n\t/* for future use*/\n\tmargin-left:0;\n\tmargin-right:0;\n}\n\n/*figcaption structure */\nfigure.kk-utility-fig figcaption {\n\tpadding: 4.5px 7.5px 7.5px 7.5px;;\n\tborder-top-left-radius:  3px;\n\tborder-top-right-radius: 3px;\n\tmargin-bottom: -3px;\n}\n\n/* figcaption skin: colors */\nfigure.kk-utility-fig figcaption{\n\topacity: 0.7;\n\tbackground-color:black;\n\tcolor:white;\n}\n\n/* correct the style of codeblock pre element  */\nfigure.kk-utility-fig pre{\n\tmargin-top:0;\n\t/*\tused to have inner top border straight */\n\t/*\tborder-top-left-radius:  0;  \n\tborder-top-right-radius: 0; */\n}\n\n\n/* the code block and copy-to-clipboard button */\n.kk-utility-code{\n\tposition:  relative;\n}\n/* pretty display the empty code block */\n.kk-utility-code pre code{\n\tmin-height:30px; \n}\n\n.kk-utility-copy-btn{\n\tposition: absolute;\n\ttop: 3px;\n\tright: 5px;\n\topacity: 0.3;\n\tfill:currentColor;\n}\n\n.kk-utility-copy-btn:hover{\n    transition: opacity 200ms ease-in-out;\n    opacity: 1;\n}","tags":"$:/tags/Stylesheet","type":"text/css"},"$:/plugins/kookma/utility/styles/doc-svg":{"title":"$:/plugins/kookma/utility/styles/doc-svg","text":".kk-doc svg{\nwidth: 1.2em;\nheight: 1.2em;\nvertical-align: middle;}\n\n.kk-ut-txt{\nmin-width:50%}","tags":"$:/tags/Stylesheet","type":"text/css"},"$:/plugins/kookma/utility/styles/main":{"title":"$:/plugins/kookma/utility/styles/main","text":"/* view feilds area */\n.kk-ut-viewfields { /* prevents overlapping with other elements */\n\tmargin-top: 12px;\n\tmargin-bottom: 12px;\n}\n/* in simple transclusion for fields */\n.kk-utility-tbl-borderless, \n.kk-utility-tbl-borderless tr,\n.kk-utility-tbl-borderless td{border:0;}\n","tags":"$:/tags/Stylesheet","type":"text/css"},"$:/plugins/kookma/utility/styles/reveal-code":{"title":"$:/plugins/kookma/utility/styles/reveal-code","text":"details.kk-utility-details summary {\n\topacity:0.2;\n\tfont-size:0.9em;\n\tdisplay: inline;\n\tcursor: pointer;\n\tpadding: 10px;\n\ttransition: 0.3s;\n\t-webkit-user-select: none;\n\t-moz-user-select: none;\n\t-ms-user-select: none;\n\tuser-select: none;\n}\ndetails.kk-utility-details summary:hover{\n\n}\ndetails.kk-utility-details[open] > summary {\n\topacity:1;\n}","tags":"$:/tags/Stylesheet","type":"text/css"},"$:/plugins/kookma/utility/styles/tw-version":{"title":"$:/plugins/kookma/utility/styles/tw-version","tags":"$:/tags/Stylesheet","type":"text/vnd.tiddlywiki","text":"/* TW-version added to site title */\n.tc-site-title:before {\n  content:\"TW <<version>>\";\n  position:absolute;\n  margin-top:-1.9em;\n  color:silver;\n  font-size:13px;\n}"},"$:/plugins/kookma/utility/styles/wikitext-macro":{"title":"$:/plugins/kookma/utility/styles/wikitext-macro","text":".doc-example { margin: 1em 0; padding: 0.8em 0; } .doc-example:hover { background-color: #f7f7f9; } .doc-example ul { margin-bottom: 0; padding-bottom: 0; margin-top: 0.2em; } .doc-example pre:first-child { margin-top: 0; } .doc-example-result { border-left: 5px solid #bbb; border-right: 5px solid #bbb; margin-left: 0; margin-right: 0; padding: 0 10px; } .doc-example-result ul { margin-left: 0; padding-left: 10px; } .doc-example-result ol { margin-left: 0; padding-left: 20px; }","tags":"$:/tags/Stylesheet","type":"text/css"},"$:/plugins/kookma/utility/ui/Buttons/ViewFields":{"title":"$:/plugins/kookma/utility/ui/Buttons/ViewFields","caption":"{{$:/plugins/kookma/utility/images/view-fields.svg}} {{$:/language/Buttons/Utility/Caption}}","description":"Show a toggle button for view fields","list-before":"$:/plugins/kookma/shiraz/ui/Buttons/SwitchPalette","tags":"$:/tags/PageControls","type":"text/vnd.tiddlywiki","text":"\\define stateTid() $:/state/utility/view-fields\n\\define show-fields-button()\n\\whitespace trim\n<$reveal type=\"nomatch\" state=<<stateTid>> text=\"show\" default=\"hide\" tag=span>\n  <$button set=<<stateTid>> setTo=\"show\" \n\t         tooltip={{$:/language/Buttons/Utility/Hint}} \n\t\t\t\t\t aria-label={{$:/language/Buttons/Utility/Caption}} \n\t\t\t\t\t class=<<tv-config-toolbar-class>>\n  >\n    <<disp-on-pagecontrols>>\n  </$button>\n</$reveal>\n<$reveal type=\"match\" state=<<stateTid>> text=\"show\" default=\"hide\" tag=span>\n  <$button set=<<stateTid>> setTo=\"hide\" \n           tooltip={{$:/language/Buttons/Utility/Hint}} \n\t\t\t\t   aria-label={{$:/language/Buttons/Utility/Caption}} \n\t\t\t\t   class=\"\"\"$(tv-config-toolbar-class)$ tc-selected\"\"\"\n  >\n    <<disp-on-pagecontrols>>\n  </$button>\n</$reveal>\n\\end\n\n\\define disp-on-pagecontrols() \n<$list filter=\"[<tv-config-toolbar-icons>prefix[yes]]\">\n{{$:/plugins/kookma/utility/images/view-fields.svg}}  \n</$list>\n<$list filter=\"[<tv-config-toolbar-text>prefix[yes]]\">\n<span class=\"tc-btn-text\"><$text text={{$:/language/Buttons/Utility/Caption}}/></span>\n</$list>\n\\end\n\n<<show-fields-button>>"},"$:/plugins/kookma/utility/ui/ControlPanel/Settings":{"title":"$:/plugins/kookma/utility/ui/ControlPanel/Settings","caption":"Utility","tags":"$:/tags/ControlPanel/SettingsTab $:/tags/MoreSideBar","type":"text/vnd.tiddlywiki","text":"These settings let you customise the behaviour of Utility plugin.\n\n---\n\n;Show Utility setting in more sidebar\n:<$checkbox tiddler=\"$:/plugins/kookma/utility/ui/ControlPanel/Settings\" tag=\"$:/tags/MoreSideBar\"> Show setting in more sidebar</$checkbox>\n\n;Options\n:<$checkbox tiddler=\"$:/plugins/kookma/utility/ui/Buttons/ViewFields\" tag=\"$:/tags/PageControls\"> Enable show fields</$checkbox>\n:<$checkbox tiddler=\"$:/plugins/kookma/utility/styles/tw-version\" tag=\"$:/tags/Stylesheet\"> Show the Tiddlywiki version badge</$checkbox>\n:<$checkbox tiddler=\"$:/plugins/kookma/utility/styles/centered-storyriver\" tag=\"$:/tags/Stylesheet\"> Center storyriver when sidebar closed</$checkbox>\n:<$checkbox tiddler=\"$:/plugins/kookma/utility/viewtemplates/reveal-code\" tag=\"$:/tags/ViewTemplate\"> Display code button at tiddler bottom</$checkbox><div style=\"padding-left:18px;\">\n<$list filter=\"[[$:/plugins/kookma/utility/viewtemplates/reveal-code]tag[$:/tags/ViewTemplate]]\" variable=ignore>\nFilter to show tiddler code (default to open) &nbsp; <$edit-text tiddler=\"$:/config/Utility/Reveal-code-filter\" field=\"text\" tag=input default=\"\" placeholder=\"enter a filter e.g. [tag[myTag]] \" class=\"kk-ut-txt\"/>\n</$list></div>\n\n;Customize UI elements\n: [[Show/hide selected UI elements|$:/plugins/kookma/utility/customize-ui/modal]]"},"$:/plugins/kookma/utility/viewtemplates/reveal-code":{"title":"$:/plugins/kookma/utility/viewtemplates/reveal-code","list-after":"$:/core/ui/ViewTemplate/body","tags":"$:/tags/ViewTemplate","type":"text/vnd.tiddlywiki","text":"<$reveal type=\"nomatch\" stateTitle=<<folded-state>> text=\"hide\" tag=\"div\" retain=\"yes\" animate=\"yes\">\n<$transclude tiddler=\"$:/plugins/kookma/utility/macros/reveal-code\" />\n</$reveal>\n<!--This viewtemplate uses the code in $:/plugins/kookma/utility/macros/reveal-code tiddler. The reason is this tiddler will change tag and so on plugin update user may miss to delete it to be updated to latest version.-->"},"$:/plugins/kookma/utility/viewtemplates/view-fields":{"title":"$:/plugins/kookma/utility/viewtemplates/view-fields","description":"Toggle field handling in view mode","list-before":"$:/core/ui/ViewTemplate/body","tags":"$:/tags/ViewTemplate","type":"text/vnd.tiddlywiki","text":"<$reveal type=match stateTiddler stateTitle=\"$:/state/utility/view-fields\" stateField=text default=\"hide\" text=show tag=div class=\"kk-ut-viewfields\">\n<$importvariables filter=\"[[$:/core/ui/EditTemplate]]\">\n<!-- the above import required from TW5.2.3-->\n<$vars \n newFieldNameTiddler=<<qualify \"$:/temp/NewFieldName\">>\n newFieldValueTiddlerPrefix=<<qualify \"$:/temp/NewFieldValue\">>\n newFieldNameInputTiddler=<<qualify \"$:/temp/NewFieldName/input\">>\n newFieldNameSelectionTiddler=<<qualify \"$:/temp/NewFieldName/selected-item\">>\n searchListState=<<qualify \"$:/temp/searchListState\">> \n storeTitle=<<qualify \"$:/temp/storeTitle\">> \n>\n<$transclude tiddler=\"$:/core/ui/EditTemplate/fields\"/>\n</$vars>\n</$importvariables>\n</$reveal>\n\n<!-- IMPORTANT Note: This new viewtemplate works with TW 5.2.3+, do not use in TW 5.2.2 and older\nif so, your UI will crash. This is because of temp tiddlers.\n-->"}}}