{"tiddlers":{"$:/plugins/linonetwo/sub-wiki/readme":{"title":"$:/plugins/linonetwo/sub-wiki/readme","created":"20200414135748497","modified":"20200602062349232","type":"text/vnd.tiddlywiki","text":"!! Usage\n\nEdit [[`tiddlers/FileSystemPaths.tid`|FileSystemPaths.tid]] using VSCode or automatically updated by TiddlyGitDesktop (instead of edit it from the TiddlyWiki) to be something like:\n\n```tid\n[!is[system]kin::to[APrivateContent]addprefix[subwiki/private-wiki/]]\n[!is[system]kin::to[Photos]addprefix[subwiki/private-wiki-photos/]]\n```\n"}}}