{"tiddlers":{"$:/plugins/Gk0Wk/notionpage-covericon/default-icon":{"title":"$:/plugins/Gk0Wk/notionpage-covericon/default-icon","text":"📒"},"$:/plugins/Gk0Wk/notionpage-covericon/default-pagecover-url":{"title":"$:/plugins/Gk0Wk/notionpage-covericon/default-pagecover-url","text":"https://source.unsplash.com/random"},"$:/plugins/Gk0Wk/notionpage-covericon/style/cover-height/narrow":{"title":"$:/plugins/Gk0Wk/notionpage-covericon/style/cover-height/narrow","text":"300px"},"$:/plugins/Gk0Wk/notionpage-covericon/style/cover-height/wide":{"title":"$:/plugins/Gk0Wk/notionpage-covericon/style/cover-height/wide","text":"300px"},"$:/plugins/Gk0Wk/notionpage-covericon/style/top-offset/narrow":{"title":"$:/plugins/Gk0Wk/notionpage-covericon/style/top-offset/narrow","text":"-14px"},"$:/plugins/Gk0Wk/notionpage-covericon/style/top-offset/wide":{"title":"$:/plugins/Gk0Wk/notionpage-covericon/style/top-offset/wide","text":"-28px"},"$:/plugins/Gk0Wk/notionpage-covericon/style/cover-left/narrow":{"title":"$:/plugins/Gk0Wk/notionpage-covericon/style/cover-left/narrow","text":"-14px"},"$:/plugins/Gk0Wk/notionpage-covericon/style/cover-left/wide":{"title":"$:/plugins/Gk0Wk/notionpage-covericon/style/cover-left/wide","text":"-42px"},"$:/plugins/Gk0Wk/notionpage-covericon/style/cover-right/narrow":{"title":"$:/plugins/Gk0Wk/notionpage-covericon/style/cover-right/narrow","text":"-14px"},"$:/plugins/Gk0Wk/notionpage-covericon/style/cover-right/wide":{"title":"$:/plugins/Gk0Wk/notionpage-covericon/style/cover-right/wide","text":"-42px"},"$:/plugins/Gk0Wk/notionpage-covericon/style/icon-size":{"title":"$:/plugins/Gk0Wk/notionpage-covericon/style/icon-size","text":"65px"},"$:/plugins/Gk0Wk/notionpage-covericon/LICENSE":{"title":"$:/plugins/Gk0Wk/notionpage-covericon/LICENSE","text":"MIT License\n\nCopyright (c) 2021 Ke Wang (Gk0Wk in GitHub)\n\nPermission is hereby granted, free of charge, to any person obtaining a copy\nof this software and associated documentation files (the \"Software\"), to deal\nin the Software without restriction, including without limitation the rights\nto use, copy, modify, merge, publish, distribute, sublicense, and/or sell\ncopies of the Software, and to permit persons to whom the Software is\nfurnished to do so, subject to the following conditions:\n\nThe above copyright notice and this permission notice shall be included in all\ncopies or substantial portions of the Software.\n\nTHE SOFTWARE IS PROVIDED \"AS IS\", WITHOUT WARRANTY OF ANY KIND, EXPRESS OR\nIMPLIED, INCLUDING BUT NOT LIMITED TO THE WARRANTIES OF MERCHANTABILITY,\nFITNESS FOR A PARTICULAR PURPOSE AND NONINFRINGEMENT. IN NO EVENT SHALL THE\nAUTHORS OR COPYRIGHT HOLDERS BE LIABLE FOR ANY CLAIM, DAMAGES OR OTHER\nLIABILITY, WHETHER IN AN ACTION OF CONTRACT, TORT OR OTHERWISE, ARISING FROM,\nOUT OF OR IN CONNECTION WITH THE SOFTWARE OR THE USE OR OTHER DEALINGS IN THE\nSOFTWARE.\n","type":"text/plain"},"$:/plugins/Gk0Wk/notionpage-covericon/body":{"title":"$:/plugins/Gk0Wk/notionpage-covericon/body","tags":"$:/tags/ViewTemplate","list-before":"$:/core/ui/ViewTemplate/title","text":"<$set name=\"tiddler\" value=<<currentTiddler>>>\n<$list filter=\"[<currentTiddler>addprefix[$:/temp/Gk0Wk/notionpage-covericon/Selector/]]\" variable=\"stateTiddler1\">\n<$list filter=\"[<currentTiddler>addprefix[$:/temp/Gk0Wk/notionpage-covericon/ChangeCover/]]\" variable=\"stateTiddler2\">\n<$set name=\"icon\" value={{!!icon}}>\n<$set name=\"cover\" value={{!!page-cover}}>\n<$list filter=\"[<icon>match[]]\">\n<$list filter=\"[<cover>match[]]\">\n  <!-- !icon && !cover -->\n  <div class=\"gk0wk-notionpagebg gk0wk-notionpagebg-n\">\n    <div class=\"gk0wk-notionbg-addbuttons\">\n      <$button setTitle=<<tiddler>> setField=\"icon\" setTo={{$:/plugins/Gk0Wk/notionpage-covericon/default-icon}} tooltip=\"Add Icon\">😁 Add Icon</$button>\n      <$button setTitle=<<tiddler>> setField=\"page-cover\" setTo={{$:/plugins/Gk0Wk/notionpage-covericon/default-pagecover-url}} tooltip=\"Add Cover\">{{$:/core/images/picture}} Add Cover</$button>\n    </div>\n  </div>\n</$list>\n<$list filter=\"[<cover>!match[]]\">\n  <!-- !icon && cover -->\n  <div class=\"gk0wk-notionpagebg gk0wk-notionpagebg-c\">\n    <div class=\"gk0wk-notionpagebg-image\"><$image source=<<cover>> width=\"100%\" height=\"auto\"/></div>\n    <$button popup=<<stateTiddler2>> class=\"gk0wk-notionpageb-changecover\" tooltip=\"Change Cover\">Change Cover</$button>\n    <$reveal type=\"popup\" state=<<stateTiddler2>> position=\"belowleft\" tag=\"div\" class=\"tc-popup-keep\">\n      <div class=\"gk0wk-notionpageb-changecover-box\">\n        <div>\n          <$edit-text tiddler=<<tiddler>> field=\"page-cover\" default=\"\" placeholder=\"Tiddler or URL\" focus=\"true\"/>\n        </div>\n      </div>\n    </$reveal>\n    <div class=\"gk0wk-notionbg-addbuttons\">\n      <$button setTitle=<<tiddler>> setField=\"icon\" setTo={{$:/plugins/Gk0Wk/notionpage-covericon/default-icon}} tooltip=\"Add Icon\">😁 Add Icon</$button>\n    </div>\n  </div>\n</$list>\n</$list>\n<$list filter=\"[<icon>!match[]]\">\n<$list filter=\"[<cover>match[]]\">\n  <!-- icon && !cover -->\n  <div class=\"gk0wk-notionpagebg gk0wk-notionpagebg-i\">\n    <$button popup=<<stateTiddler1>> class=\"gk0wk-notionpagebg-icon1\">\n    <$list filter=\"[title<icon>is[shadow]!is[tiddler]]]\"><$transclude tiddler=<<icon>>/></$list>\n    <$list filter=\"[title<icon>is[tiddler]!is[shadow]]\"><$transclude tiddler=<<icon>>/></$list>\n    <$list filter=\"[title<icon>!is[shadow]!is[tiddler]]\"><$wikify name=\"rendered\" text=<<icon>> output=html><<rendered>></$wikify></$list></$button>\n    <$reveal type=\"popup\" state=<<stateTiddler1>> position=\"below\" tag=\"div\" class=\"tc-popup-keep\">\n      {{$:/plugins/Gk0Wk/notionpage-covericon/icon-selector}}\n    </$reveal>\n    <div class=\"gk0wk-notionbg-addbuttons\">\n      <$button setTitle=<<tiddler>> setField=\"page-cover\" setTo={{$:/plugins/Gk0Wk/notionpage-covericon/default-pagecover-url}} tooltip=\"Add Cover\">{{$:/core/images/picture}} Add Cover</$button>\n    </div>\n  </div>\n</$list>\n<$list filter=\"[<cover>!match[]]\">\n  <!-- icon && cover -->\n  <div class=\"gk0wk-notionpagebg gk0wk-notionpagebg-ci\">\n    <div class=\"gk0wk-notionpagebg-image\"><$image source=<<cover>> width=\"100%\" height=\"auto\"/></div>\n    <$button popup=<<stateTiddler1>> class=\"gk0wk-notionpagebg-icon2\">\n    <$list filter=\"[title<icon>is[shadow]!is[tiddler]]\"><$transclude tiddler=<<icon>>/></$list>\n    <$list filter=\"[title<icon>is[tiddler]!is[shadow]]\"><$transclude tiddler=<<icon>>/></$list>\n    <$list filter=\"[title<icon>!is[shadow]!is[tiddler]]\"><$wikify name=\"rendered\" text=<<icon>> output=html><<rendered>></$wikify></$list></$button>\n    <$reveal type=\"popup\" state=<<stateTiddler1>> position=\"below\" tag=\"div\" class=\"tc-popup-keep\">\n      {{$:/plugins/Gk0Wk/notionpage-covericon/icon-selector}}\n    </$reveal>\n    <$button popup=<<stateTiddler2>> class=\"gk0wk-notionpageb-changecover\" tooltip=\"Change Cover\">Change Cover</$button>\n    <$reveal type=\"popup\" state=<<stateTiddler2>> position=\"belowleft\" tag=\"div\" class=\"tc-popup-keep\">\n      <div class=\"gk0wk-notionpageb-changecover-box\">\n        <div>\n          <$edit-text tiddler=<<tiddler>> field=\"page-cover\" default=\"\" placeholder=\"Tiddler or URL\" focus=\"true\"/>\n        </div>\n      </div>\n    </$reveal>\n  </div>\n</$list>\n</$list>\n</$set>\n</$set>\n</$list>\n</$list>\n</$set>\n"},"$:/plugins/Gk0Wk/notionpage-covericon/emoji/activities":{"title":"$:/plugins/Gk0Wk/notionpage-covericon/emoji/activities","caption":"Activities","tags":"$:/plugins/Gk0Wk/notionpage-covericon/emojies","type":"application/x-tiddler-dictionary","text":"🎃: jack-o-lantern\n🎄: Christmas tree\n🎆: fireworks\n🎇: sparkler\n🧨: firecracker\n✨: sparkles\n🎈: balloon\n🎉: party popper\n🎊: confetti ball\n🎋: tanabata tree\n🎍: pine decoration\n🎎: Japanese dolls\n🎏: carp streamer\n🎐: wind chime\n🎑: moon viewing ceremony\n🧧: red envelope\n🎀: ribbon\n🎁: wrapped gift\n🎗️: reminder ribbon\n🎟️: admission tickets\n🎫: ticket\n🎖️: military medal\n🏆: trophy\n🏅: sports medal\n🥇: 1st place medal\n🥈: 2nd place medal\n🥉: 3rd place medal\n⚽: soccer ball\n⚾: baseball\n🥎: softball\n🏀: basketball\n🏐: volleyball\n🏈: american football\n🏉: rugby football\n🎾: tennis\n🥏: flying disc\n🎳: bowling\n🏏: cricket game\n🏑: field hockey\n🏒: ice hockey\n🥍: lacrosse\n🏓: ping pong\n🏸: badminton\n🥊: boxing glove\n🥋: martial arts uniform\n🥅: goal net\n⛳: flag in hole\n⛸️: ice skate\n🎣: fishing pole\n🤿: diving mask\n🎽: running shirt\n🎿: skis\n🛷: sled\n🥌: curling stone\n🎯: bullseye\n🪀: yo-yo\n🪁: kite\n🎱: pool 8 ball\n🔮: crystal ball\n🪄: magic wand\n🧿: nazar amulet\n🎮: video game\n🕹️: joystick\n🎰: slot machine\n🎲: game die\n🧩: puzzle piece\n🧸: teddy bear\n🪅: piñata\n🪆: nesting dolls\n♠️: spade suit\n♥️: heart suit\n♦️: diamond suit\n♣️: club suit\n♟️: chess pawn\n🃏: joker\n🀄: mahjong red dragon\n🎴: flower playing cards\n🎭: performing arts\n🖼️: framed picture\n🎨: artist palette\n🧵: thread\n🪡: sewing needle\n🧶: yarn\n🪢: knot\n"},"$:/plugins/Gk0Wk/notionpage-covericon/emoji/animals-nature":{"title":"$:/plugins/Gk0Wk/notionpage-covericon/emoji/animals-nature","caption":"Animals & Nature","tags":"$:/plugins/Gk0Wk/notionpage-covericon/emojies","type":"application/x-tiddler-dictionary","text":"🐵: monkey face\n🐒: monkey\n🦍: gorilla\n🦧: orangutan\n🐶: dog face\n🐕: dog\n🦮: guide dog\n🐕‍🦺: service dog\n🐩: poodle\n🐺: wolf\n🦊: fox\n🦝: raccoon\n🐱: cat face\n🐈: cat\n🐈‍⬛: black cat\n🦁: lion\n🐯: tiger face\n🐅: tiger\n🐆: leopard\n🐴: horse face\n🐎: horse\n🦄: unicorn\n🦓: zebra\n🦌: deer\n🦬: bison\n🐮: cow face\n🐂: ox\n🐃: water buffalo\n🐄: cow\n🐷: pig face\n🐖: pig\n🐗: boar\n🐽: pig nose\n🐏: ram\n🐑: ewe\n🐐: goat\n🐪: camel\n🐫: two-hump camel\n🦙: llama\n🦒: giraffe\n🐘: elephant\n🦣: mammoth\n🦏: rhinoceros\n🦛: hippopotamus\n🐭: mouse face\n🐁: mouse\n🐀: rat\n🐹: hamster\n🐰: rabbit face\n🐇: rabbit\n🐿️: chipmunk\n🦫: beaver\n🦔: hedgehog\n🦇: bat\n🐻: bear\n🐻‍❄️: polar bear\n🐨: koala\n🐼: panda\n🦥: sloth\n🦦: otter\n🦨: skunk\n🦘: kangaroo\n🦡: badger\n🐾: paw prints\n🦃: turkey\n🐔: chicken\n🐓: rooster\n🐣: hatching chick\n🐤: baby chick\n🐥: front-facing baby chick\n🐦: bird\n🐧: penguin\n🕊️: dove\n🦅: eagle\n🦆: duck\n🦢: swan\n🦉: owl\n🦤: dodo\n🪶: feather\n🦩: flamingo\n🦚: peacock\n🦜: parrot\n🐸: frog\n🐊: crocodile\n🐢: turtle\n🦎: lizard\n🐍: snake\n🐲: dragon face\n🐉: dragon\n🦕: sauropod\n🦖: T-Rex\n🐳: spouting whale\n🐋: whale\n🐬: dolphin\n🦭: seal\n🐟: fish\n🐠: tropical fish\n🐡: blowfish\n🦈: shark\n🐙: octopus\n🐚: spiral shell\n🐌: snail\n🦋: butterfly\n🐛: bug\n🐜: ant\n🐝: honeybee\n🪲: beetle\n🐞: lady beetle\n🦗: cricket\n🪳: cockroach\n🕷️: spider\n🕸️: spider web\n🦂: scorpion\n🦟: mosquito\n🪰: fly\n🪱: worm\n🦠: microbe\n💐: bouquet\n🌸: cherry blossom\n💮: white flower\n🏵️: rosette\n🌹: rose\n🥀: wilted flower\n🌺: hibiscus\n🌻: sunflower\n🌼: blossom\n🌷: tulip\n🌱: seedling\n🪴: potted plant\n🌲: evergreen tree\n🌳: deciduous tree\n🌴: palm tree\n🌵: cactus\n🌾: sheaf of rice\n🌿: herb\n☘️: shamrock\n🍀: four leaf clover\n🍁: maple leaf\n🍂: fallen leaf\n🍃: leaf fluttering in wind\n"},"$:/plugins/Gk0Wk/notionpage-covericon/emoji/flags":{"title":"$:/plugins/Gk0Wk/notionpage-covericon/emoji/flags","caption":"Flags","tags":"$:/plugins/Gk0Wk/notionpage-covericon/emojies","type":"application/x-tiddler-dictionary","text":"🏁: chequered flag\n🚩: triangular flag\n🎌: crossed flags\n🏴: black flag\n🏳️: white flag\n🏳️‍🌈: rainbow flag\n🏳️‍⚧️: transgender flag\n🏴‍☠️: pirate flag\n🇦🇨: flag Ascension Island\n🇦🇩: flag Andorra\n🇦🇪: flag United Arab Emirates\n🇦🇫: flag Afghanistan\n🇦🇬: flag Antigua & Barbuda\n🇦🇮: flag Anguilla\n🇦🇱: flag Albania\n🇦🇲: flag Armenia\n🇦🇴: flag Angola\n🇦🇶: flag Antarctica\n🇦🇷: flag Argentina\n🇦🇸: flag American Samoa\n🇦🇹: flag Austria\n🇦🇺: flag Australia\n🇦🇼: flag Aruba\n🇦🇽: flag Åland Islands\n🇦🇿: flag Azerbaijan\n🇧🇦: flag Bosnia & Herzegovina\n🇧🇧: flag Barbados\n🇧🇩: flag Bangladesh\n🇧🇪: flag Belgium\n🇧🇫: flag Burkina Faso\n🇧🇬: flag Bulgaria\n🇧🇭: flag Bahrain\n🇧🇮: flag Burundi\n🇧🇯: flag Benin\n🇧🇱: flag St. Barthélemy\n🇧🇲: flag Bermuda\n🇧🇳: flag Brunei\n🇧🇴: flag Bolivia\n🇧🇶: flag Caribbean Netherlands\n🇧🇷: flag Brazil\n🇧🇸: flag Bahamas\n🇧🇹: flag Bhutan\n🇧🇻: flag Bouvet Island\n🇧🇼: flag Botswana\n🇧🇾: flag Belarus\n🇧🇿: flag Belize\n🇨🇦: flag Canada\n🇨🇨: flag Cocos (Keeling) Islands\n🇨🇩: flag Congo - Kinshasa\n🇨🇫: flag Central African Republic\n🇨🇬: flag Congo - Brazzaville\n🇨🇭: flag Switzerland\n🇨🇮: flag Côte d’Ivoire\n🇨🇰: flag Cook Islands\n🇨🇱: flag Chile\n🇨🇲: flag Cameroon\n🇨🇳: flag China\n🇨🇴: flag Colombia\n🇨🇵: flag Clipperton Island\n🇨🇷: flag Costa Rica\n🇨🇺: flag Cuba\n🇨🇻: flag Cape Verde\n🇨🇼: flag Curaçao\n🇨🇽: flag Christmas Island\n🇨🇾: flag Cyprus\n🇨🇿: flag Czechia\n🇩🇪: flag Germany\n🇩🇬: flag Diego Garcia\n🇩🇯: flag Djibouti\n🇩🇰: flag Denmark\n🇩🇲: flag Dominica\n🇩🇴: flag Dominican Republic\n🇩🇿: flag Algeria\n🇪🇦: flag Ceuta & Melilla\n🇪🇨: flag Ecuador\n🇪🇪: flag Estonia\n🇪🇬: flag Egypt\n🇪🇭: flag Western Sahara\n🇪🇷: flag Eritrea\n🇪🇸: flag Spain\n🇪🇹: flag Ethiopia\n🇪🇺: flag European Union\n🇫🇮: flag Finland\n🇫🇯: flag Fiji\n🇫🇰: flag Falkland Islands\n🇫🇲: flag Micronesia\n🇫🇴: flag Faroe Islands\n🇫🇷: flag France\n🇬🇦: flag Gabon\n🇬🇧: flag United Kingdom\n🇬🇩: flag Grenada\n🇬🇪: flag Georgia\n🇬🇫: flag French Guiana\n🇬🇬: flag Guernsey\n🇬🇭: flag Ghana\n🇬🇮: flag Gibraltar\n🇬🇱: flag Greenland\n🇬🇲: flag Gambia\n🇬🇳: flag Guinea\n🇬🇵: flag Guadeloupe\n🇬🇶: flag Equatorial Guinea\n🇬🇷: flag Greece\n🇬🇸: flag South Georgia & South Sandwich Islands\n🇬🇹: flag Guatemala\n🇬🇺: flag Guam\n🇬🇼: flag Guinea-Bissau\n🇬🇾: flag Guyana\n🇭🇰: flag Hong Kong SAR China\n🇭🇲: flag Heard & McDonald Islands\n🇭🇳: flag Honduras\n🇭🇷: flag Croatia\n🇭🇹: flag Haiti\n🇭🇺: flag Hungary\n🇮🇨: flag Canary Islands\n🇮🇩: flag Indonesia\n🇮🇪: flag Ireland\n🇮🇱: flag Israel\n🇮🇲: flag Isle of Man\n🇮🇳: flag India\n🇮🇴: flag British Indian Ocean Territory\n🇮🇶: flag Iraq\n🇮🇷: flag Iran\n🇮🇸: flag Iceland\n🇮🇹: flag Italy\n🇯🇪: flag Jersey\n🇯🇲: flag Jamaica\n🇯🇴: flag Jordan\n🇯🇵: flag Japan\n🇰🇪: flag Kenya\n🇰🇬: flag Kyrgyzstan\n🇰🇭: flag Cambodia\n🇰🇮: flag Kiribati\n🇰🇲: flag Comoros\n🇰🇳: flag St. Kitts & Nevis\n🇰🇵: flag North Korea\n🇰🇷: flag South Korea\n🇰🇼: flag Kuwait\n🇰🇾: flag Cayman Islands\n🇰🇿: flag Kazakhstan\n🇱🇦: flag Laos\n🇱🇧: flag Lebanon\n🇱🇨: flag St. Lucia\n🇱🇮: flag Liechtenstein\n🇱🇰: flag Sri Lanka\n🇱🇷: flag Liberia\n🇱🇸: flag Lesotho\n🇱🇹: flag Lithuania\n🇱🇺: flag Luxembourg\n🇱🇻: flag Latvia\n🇱🇾: flag Libya\n🇲🇦: flag Morocco\n🇲🇨: flag Monaco\n🇲🇩: flag Moldova\n🇲🇪: flag Montenegro\n🇲🇫: flag St. Martin\n🇲🇬: flag Madagascar\n🇲🇭: flag Marshall Islands\n🇲🇰: flag North Macedonia\n🇲🇱: flag Mali\n🇲🇲: flag Myanmar (Burma)\n🇲🇳: flag Mongolia\n🇲🇴: flag Macao SAR China\n🇲🇵: flag Northern Mariana Islands\n🇲🇶: flag Martinique\n🇲🇷: flag Mauritania\n🇲🇸: flag Montserrat\n🇲🇹: flag Malta\n🇲🇺: flag Mauritius\n🇲🇻: flag Maldives\n🇲🇼: flag Malawi\n🇲🇽: flag Mexico\n🇲🇾: flag Malaysia\n🇲🇿: flag Mozambique\n🇳🇦: flag Namibia\n🇳🇨: flag New Caledonia\n🇳🇪: flag Niger\n🇳🇫: flag Norfolk Island\n🇳🇬: flag Nigeria\n🇳🇮: flag Nicaragua\n🇳🇱: flag Netherlands\n🇳🇴: flag Norway\n🇳🇵: flag Nepal\n🇳🇷: flag Nauru\n🇳🇺: flag Niue\n🇳🇿: flag New Zealand\n🇴🇲: flag Oman\n🇵🇦: flag Panama\n🇵🇪: flag Peru\n🇵🇫: flag French Polynesia\n🇵🇬: flag Papua New Guinea\n🇵🇭: flag Philippines\n🇵🇰: flag Pakistan\n🇵🇱: flag Poland\n🇵🇲: flag St. Pierre & Miquelon\n🇵🇳: flag Pitcairn Islands\n🇵🇷: flag Puerto Rico\n🇵🇸: flag Palestinian Territories\n🇵🇹: flag Portugal\n🇵🇼: flag Palau\n🇵🇾: flag Paraguay\n🇶🇦: flag Qatar\n🇷🇪: flag Réunion\n🇷🇴: flag Romania\n🇷🇸: flag Serbia\n🇷🇺: flag Russia\n🇷🇼: flag Rwanda\n🇸🇦: flag Saudi Arabia\n🇸🇧: flag Solomon Islands\n🇸🇨: flag Seychelles\n🇸🇩: flag Sudan\n🇸🇪: flag Sweden\n🇸🇬: flag Singapore\n🇸🇭: flag St. Helena\n🇸🇮: flag Slovenia\n🇸🇯: flag Svalbard & Jan Mayen\n🇸🇰: flag Slovakia\n🇸🇱: flag Sierra Leone\n🇸🇲: flag San Marino\n🇸🇳: flag Senegal\n🇸🇴: flag Somalia\n🇸🇷: flag Suriname\n🇸🇸: flag South Sudan\n🇸🇹: flag São Tomé & Príncipe\n🇸🇻: flag El Salvador\n🇸🇽: flag Sint Maarten\n🇸🇾: flag Syria\n🇸🇿: flag Eswatini\n🇹🇦: flag Tristan da Cunha\n🇹🇨: flag Turks & Caicos Islands\n🇹🇩: flag Chad\n🇹🇫: flag French Southern Territories\n🇹🇬: flag Togo\n🇹🇭: flag Thailand\n🇹🇯: flag Tajikistan\n🇹🇰: flag Tokelau\n🇹🇱: flag Timor-Leste\n🇹🇲: flag Turkmenistan\n🇹🇳: flag Tunisia\n🇹🇴: flag Tonga\n🇹🇷: flag Turkey\n🇹🇹: flag Trinidad & Tobago\n🇹🇻: flag Tuvalu\n🇹🇿: flag Tanzania\n🇺🇦: flag Ukraine\n🇺🇬: flag Uganda\n🇺🇲: flag U.S. Outlying Islands\n🇺🇳: flag United Nations\n🇺🇸: flag United States\n🇺🇾: flag Uruguay\n🇺🇿: flag Uzbekistan\n🇻🇦: flag Vatican City\n🇻🇨: flag St. Vincent & Grenadines\n🇻🇪: flag Venezuela\n🇻🇬: flag British Virgin Islands\n🇻🇮: flag U.S. Virgin Islands\n🇻🇳: flag Vietnam\n🇻🇺: flag Vanuatu\n🇼🇫: flag Wallis & Futuna\n🇼🇸: flag Samoa\n🇽🇰: flag Kosovo\n🇾🇪: flag Yemen\n🇾🇹: flag Mayotte\n🇿🇦: flag South Africa\n🇿🇲: flag Zambia\n🇿🇼: flag Zimbabwe\n🏴󠁧󠁢󠁥󠁮󠁧󠁿: flag England\n🏴󠁧󠁢󠁳󠁣󠁴󠁿: flag Scotland\n🏴󠁧󠁢󠁷󠁬󠁳󠁿: flag Wales\n"},"$:/plugins/Gk0Wk/notionpage-covericon/emoji/food-drink":{"title":"$:/plugins/Gk0Wk/notionpage-covericon/emoji/food-drink","caption":"Food & Drink","tags":"$:/plugins/Gk0Wk/notionpage-covericon/emojies","type":"application/x-tiddler-dictionary","text":"🍇: grapes\n🍈: melon\n🍉: watermelon\n🍊: tangerine\n🍋: lemon\n🍌: banana\n🍍: pineapple\n🥭: mango\n🍎: red apple\n🍏: green apple\n🍐: pear\n🍑: peach\n🍒: cherries\n🍓: strawberry\n🫐: blueberries\n🥝: kiwi fruit\n🍅: tomato\n🫒: olive\n🥥: coconut\n🥑: avocado\n🍆: eggplant\n🥔: potato\n🥕: carrot\n🌽: ear of corn\n🌶️: hot pepper\n🫑: bell pepper\n🥒: cucumber\n🥬: leafy green\n🥦: broccoli\n🧄: garlic\n🧅: onion\n🍄: mushroom\n🥜: peanuts\n🌰: chestnut\n🍞: bread\n🥐: croissant\n🥖: baguette bread\n🫓: flatbread\n🥨: pretzel\n🥯: bagel\n🥞: pancakes\n🧇: waffle\n🧀: cheese wedge\n🍖: meat on bone\n🍗: poultry leg\n🥩: cut of meat\n🥓: bacon\n🍔: hamburger\n🍟: french fries\n🍕: pizza\n🌭: hot dog\n🥪: sandwich\n🌮: taco\n🌯: burrito\n🫔: tamale\n🥙: stuffed flatbread\n🧆: falafel\n🥚: egg\n🍳: cooking\n🥘: shallow pan of food\n🍲: pot of food\n🫕: fondue\n🥣: bowl with spoon\n🥗: green salad\n🍿: popcorn\n🧈: butter\n🧂: salt\n🥫: canned food\n🍱: bento box\n🍘: rice cracker\n🍙: rice ball\n🍚: cooked rice\n🍛: curry rice\n🍜: steaming bowl\n🍝: spaghetti\n🍠: roasted sweet potato\n🍢: oden\n🍣: sushi\n🍤: fried shrimp\n🍥: fish cake with swirl\n🥮: moon cake\n🍡: dango\n🥟: dumpling\n🥠: fortune cookie\n🥡: takeout box\n🦀: crab\n🦞: lobster\n🦐: shrimp\n🦑: squid\n🦪: oyster\n🍦: soft ice cream\n🍧: shaved ice\n🍨: ice cream\n🍩: doughnut\n🍪: cookie\n🎂: birthday cake\n🍰: shortcake\n🧁: cupcake\n🥧: pie\n🍫: chocolate bar\n🍬: candy\n🍭: lollipop\n🍮: custard\n🍯: honey pot\n🍼: baby bottle\n🥛: glass of milk\n☕: hot beverage\n🫖: teapot\n🍵: teacup without handle\n🍶: sake\n🍾: bottle with popping cork\n🍷: wine glass\n🍸: cocktail glass\n🍹: tropical drink\n🍺: beer mug\n🍻: clinking beer mugs\n🥂: clinking glasses\n🥃: tumbler glass\n🥤: cup with straw\n🧋: bubble tea\n🧃: beverage box\n🧉: mate\n🧊: ice\n🥢: chopsticks\n🍽️: fork and knife with plate\n🍴: fork and knife\n🥄: spoon\n🔪: kitchen knife\n🏺: amphora\n"},"$:/plugins/Gk0Wk/notionpage-covericon/emoji/objects":{"title":"$:/plugins/Gk0Wk/notionpage-covericon/emoji/objects","caption":"Objects","tags":"$:/plugins/Gk0Wk/notionpage-covericon/emojies","type":"application/x-tiddler-dictionary","text":"👓: glasses\n🕶️: sunglasses\n🥽: goggles\n🥼: lab coat\n🦺: safety vest\n👔: necktie\n👕: t-shirt\n👖: jeans\n🧣: scarf\n🧤: gloves\n🧥: coat\n🧦: socks\n👗: dress\n👘: kimono\n🥻: sari\n🩱: one-piece swimsuit\n🩲: briefs\n🩳: shorts\n👙: bikini\n👚: woman’s clothes\n👛: purse\n👜: handbag\n👝: clutch bag\n🛍️: shopping bags\n🎒: backpack\n🩴: thong sandal\n👞: man’s shoe\n👟: running shoe\n🥾: hiking boot\n🥿: flat shoe\n👠: high-heeled shoe\n👡: woman’s sandal\n🩰: ballet shoes\n👢: woman’s boot\n👑: crown\n👒: woman’s hat\n🎩: top hat\n🎓: graduation cap\n🧢: billed cap\n🪖: military helmet\n⛑️: rescue worker’s helmet\n📿: prayer beads\n💄: lipstick\n💍: ring\n💎: gem stone\n🔇: muted speaker\n🔈: speaker low volume\n🔉: speaker medium volume\n🔊: speaker high volume\n📢: loudspeaker\n📣: megaphone\n📯: postal horn\n🔔: bell\n🔕: bell with slash\n🎼: musical score\n🎵: musical note\n🎶: musical notes\n🎙️: studio microphone\n🎚️: level slider\n🎛️: control knobs\n🎤: microphone\n🎧: headphone\n📻: radio\n🎷: saxophone\n🪗: accordion\n🎸: guitar\n🎹: musical keyboard\n🎺: trumpet\n🎻: violin\n🪕: banjo\n🥁: drum\n🪘: long drum\n📱: mobile phone\n📲: mobile phone with arrow\n☎️: telephone\n📞: telephone receiver\n📟: pager\n📠: fax machine\n🔋: battery\n🔌: electric plug\n💻: laptop\n🖥️: desktop computer\n🖨️: printer\n⌨️: keyboard\n🖱️: computer mouse\n🖲️: trackball\n💽: computer disk\n💾: floppy disk\n💿: optical disk\n📀: dvd\n🧮: abacus\n🎥: movie camera\n🎞️: film frames\n📽️: film projector\n🎬: clapper board\n📺: television\n📷: camera\n📸: camera with flash\n📹: video camera\n📼: videocassette\n🔍: magnifying glass tilted left\n🔎: magnifying glass tilted right\n🕯️: candle\n💡: light bulb\n🔦: flashlight\n🏮: red paper lantern\n🪔: diya lamp\n📔: notebook with decorative cover\n📕: closed book\n📖: open book\n📗: green book\n📘: blue book\n📙: orange book\n📚: books\n📓: notebook\n📒: ledger\n📃: page with curl\n📜: scroll\n📄: page facing up\n📰: newspaper\n🗞️: rolled-up newspaper\n📑: bookmark tabs\n🔖: bookmark\n🏷️: label\n💰: money bag\n🪙: coin\n💴: yen banknote\n💵: dollar banknote\n💶: euro banknote\n💷: pound banknote\n💸: money with wings\n💳: credit card\n🧾: receipt\n💹: chart increasing with yen\n✉️: envelope\n📧: e-mail\n📨: incoming envelope\n📩: envelope with arrow\n📤: outbox tray\n📥: inbox tray\n📦: package\n📫: closed mailbox with raised flag\n📪: closed mailbox with lowered flag\n📬: open mailbox with raised flag\n📭: open mailbox with lowered flag\n📮: postbox\n🗳️: ballot box with ballot\n✏️: pencil\n✒️: black nib\n🖋️: fountain pen\n🖊️: pen\n🖌️: paintbrush\n🖍️: crayon\n📝: memo\n💼: briefcase\n📁: file folder\n📂: open file folder\n🗂️: card index dividers\n📅: calendar\n📆: tear-off calendar\n🗒️: spiral notepad\n🗓️: spiral calendar\n📇: card index\n📈: chart increasing\n📉: chart decreasing\n📊: bar chart\n📋: clipboard\n📌: pushpin\n📍: round pushpin\n📎: paperclip\n🖇️: linked paperclips\n📏: straight ruler\n📐: triangular ruler\n✂️: scissors\n🗃️: card file box\n🗄️: file cabinet\n🗑️: wastebasket\n🔒: locked\n🔓: unlocked\n🔏: locked with pen\n🔐: locked with key\n🔑: key\n🗝️: old key\n🔨: hammer\n🪓: axe\n⛏️: pick\n⚒️: hammer and pick\n🛠️: hammer and wrench\n🗡️: dagger\n⚔️: crossed swords\n🔫: water pistol\n🪃: boomerang\n🏹: bow and arrow\n🛡️: shield\n🪚: carpentry saw\n🔧: wrench\n🪛: screwdriver\n🔩: nut and bolt\n⚙️: gear\n🗜️: clamp\n⚖️: balance scale\n🦯: white cane\n🔗: link\n⛓️: chains\n🪝: hook\n🧰: toolbox\n🧲: magnet\n🪜: ladder\n⚗️: alembic\n🧪: test tube\n🧫: petri dish\n🧬: dna\n🔬: microscope\n🔭: telescope\n📡: satellite antenna\n💉: syringe\n🩸: drop of blood\n💊: pill\n🩹: adhesive bandage\n🩺: stethoscope\n🚪: door\n🛗: elevator\n🪞: mirror\n🪟: window\n🛏️: bed\n🛋️: couch and lamp\n🪑: chair\n🚽: toilet\n🪠: plunger\n🚿: shower\n🛁: bathtub\n🪤: mouse trap\n🪒: razor\n🧴: lotion bottle\n🧷: safety pin\n🧹: broom\n🧺: basket\n🧻: roll of paper\n🪣: bucket\n🧼: soap\n🪥: toothbrush\n🧽: sponge\n🧯: fire extinguisher\n🛒: shopping cart\n🚬: cigarette\n⚰️: coffin\n🪦: headstone\n⚱️: funeral urn\n🗿: moai\n🪧: placard\n"},"$:/plugins/Gk0Wk/notionpage-covericon/emoji/people-body":{"title":"$:/plugins/Gk0Wk/notionpage-covericon/emoji/people-body","caption":"People & Body","tags":"$:/plugins/Gk0Wk/notionpage-covericon/emojies","type":"application/x-tiddler-dictionary","text":"👋: waving hand\n🤚: raised back of hand\n🖐️: hand with fingers splayed\n✋: raised hand\n🖖: vulcan salute\n👌: OK hand\n🤌: pinched fingers\n🤏: pinching hand\n✌️: victory hand\n🤞: crossed fingers\n🤟: love-you gesture\n🤘: sign of the horns\n🤙: call me hand\n👈: backhand index pointing left\n👉: backhand index pointing right\n👆: backhand index pointing up\n🖕: middle finger\n👇: backhand index pointing down\n☝️: index pointing up\n👍: thumbs up\n👎: thumbs down\n✊: raised fist\n👊: oncoming fist\n🤛: left-facing fist\n🤜: right-facing fist\n👏: clapping hands\n🙌: raising hands\n👐: open hands\n🤲: palms up together\n🤝: handshake\n🙏: folded hands\n✍️: writing hand\n💅: nail polish\n🤳: selfie\n💪: flexed biceps\n🦾: mechanical arm\n🦿: mechanical leg\n🦵: leg\n🦶: foot\n👂: ear\n🦻: ear with hearing aid\n👃: nose\n🧠: brain\n🫀: anatomical heart\n🫁: lungs\n🦷: tooth\n🦴: bone\n👀: eyes\n👁️: eye\n👅: tongue\n👄: mouth\n👶: baby\n🧒: child\n👦: boy\n👧: girl\n🧑: person\n👱: person blond hair\n👨: man\n🧔: person beard\n🧔‍♂️: man beard\n🧔‍♀️: woman beard\n👨‍🦰: man red hair\n👨‍🦱: man curly hair\n👨‍🦳: man white hair\n👨‍🦲: man bald\n👩: woman\n👩‍🦰: woman red hair\n🧑‍🦰: person red hair\n👩‍🦱: woman curly hair\n🧑‍🦱: person curly hair\n👩‍🦳: woman white hair\n🧑‍🦳: person white hair\n👩‍🦲: woman bald\n🧑‍🦲: person bald\n👱‍♀️: woman blond hair\n👱‍♂️: man blond hair\n🧓: older person\n👴: old man\n👵: old woman\n🙍: person frowning\n🙍‍♂️: man frowning\n🙍‍♀️: woman frowning\n🙎: person pouting\n🙎‍♂️: man pouting\n🙎‍♀️: woman pouting\n🙅: person gesturing NO\n🙅‍♂️: man gesturing NO\n🙅‍♀️: woman gesturing NO\n🙆: person gesturing OK\n🙆‍♂️: man gesturing OK\n🙆‍♀️: woman gesturing OK\n💁: person tipping hand\n💁‍♂️: man tipping hand\n💁‍♀️: woman tipping hand\n🙋: person raising hand\n🙋‍♂️: man raising hand\n🙋‍♀️: woman raising hand\n🧏: deaf person\n🧏‍♂️: deaf man\n🧏‍♀️: deaf woman\n🙇: person bowing\n🙇‍♂️: man bowing\n🙇‍♀️: woman bowing\n🤦: person facepalming\n🤦‍♂️: man facepalming\n🤦‍♀️: woman facepalming\n🤷: person shrugging\n🤷‍♂️: man shrugging\n🤷‍♀️: woman shrugging\n🧑‍⚕️: health worker\n👨‍⚕️: man health worker\n👩‍⚕️: woman health worker\n🧑‍🎓: student\n👨‍🎓: man student\n👩‍🎓: woman student\n🧑‍🏫: teacher\n👨‍🏫: man teacher\n👩‍🏫: woman teacher\n🧑‍⚖️: judge\n👨‍⚖️: man judge\n👩‍⚖️: woman judge\n🧑‍🌾: farmer\n👨‍🌾: man farmer\n👩‍🌾: woman farmer\n🧑‍🍳: cook\n👨‍🍳: man cook\n👩‍🍳: woman cook\n🧑‍🔧: mechanic\n👨‍🔧: man mechanic\n👩‍🔧: woman mechanic\n🧑‍🏭: factory worker\n👨‍🏭: man factory worker\n👩‍🏭: woman factory worker\n🧑‍💼: office worker\n👨‍💼: man office worker\n👩‍💼: woman office worker\n🧑‍🔬: scientist\n👨‍🔬: man scientist\n👩‍🔬: woman scientist\n🧑‍💻: technologist\n👨‍💻: man technologist\n👩‍💻: woman technologist\n🧑‍🎤: singer\n👨‍🎤: man singer\n👩‍🎤: woman singer\n🧑‍🎨: artist\n👨‍🎨: man artist\n👩‍🎨: woman artist\n🧑‍✈️: pilot\n👨‍✈️: man pilot\n👩‍✈️: woman pilot\n🧑‍🚀: astronaut\n👨‍🚀: man astronaut\n👩‍🚀: woman astronaut\n🧑‍🚒: firefighter\n👨‍🚒: man firefighter\n👩‍🚒: woman firefighter\n👮: police officer\n👮‍♂️: man police officer\n👮‍♀️: woman police officer\n🕵️: detective\n🕵️‍♂️: man detective\n🕵️‍♀️: woman detective\n💂: guard\n💂‍♂️: man guard\n💂‍♀️: woman guard\n🥷: ninja\n👷: construction worker\n👷‍♂️: man construction worker\n👷‍♀️: woman construction worker\n🤴: prince\n👸: princess\n👳: person wearing turban\n👳‍♂️: man wearing turban\n👳‍♀️: woman wearing turban\n👲: person with skullcap\n🧕: woman with headscarf\n🤵: person in tuxedo\n🤵‍♂️: man in tuxedo\n🤵‍♀️: woman in tuxedo\n👰: person with veil\n👰‍♂️: man with veil\n👰‍♀️: woman with veil\n🤰: pregnant woman\n🤱: breast-feeding\n👩‍🍼: woman feeding baby\n👨‍🍼: man feeding baby\n🧑‍🍼: person feeding baby\n👼: baby angel\n🎅: Santa Claus\n🤶: Mrs. Claus\n🧑‍🎄: mx claus\n🦸: superhero\n🦸‍♂️: man superhero\n🦸‍♀️: woman superhero\n🦹: supervillain\n🦹‍♂️: man supervillain\n🦹‍♀️: woman supervillain\n🧙: mage\n🧙‍♂️: man mage\n🧙‍♀️: woman mage\n🧚: fairy\n🧚‍♂️: man fairy\n🧚‍♀️: woman fairy\n🧛: vampire\n🧛‍♂️: man vampire\n🧛‍♀️: woman vampire\n🧜: merperson\n🧜‍♂️: merman\n🧜‍♀️: mermaid\n🧝: elf\n🧝‍♂️: man elf\n🧝‍♀️: woman elf\n🧞: genie\n🧞‍♂️: man genie\n🧞‍♀️: woman genie\n🧟: zombie\n🧟‍♂️: man zombie\n🧟‍♀️: woman zombie\n💆: person getting massage\n💆‍♂️: man getting massage\n💆‍♀️: woman getting massage\n💇: person getting haircut\n💇‍♂️: man getting haircut\n💇‍♀️: woman getting haircut\n🚶: person walking\n🚶‍♂️: man walking\n🚶‍♀️: woman walking\n🧍: person standing\n🧍‍♂️: man standing\n🧍‍♀️: woman standing\n🧎: person kneeling\n🧎‍♂️: man kneeling\n🧎‍♀️: woman kneeling\n🧑‍🦯: person with white cane\n👨‍🦯: man with white cane\n👩‍🦯: woman with white cane\n🧑‍🦼: person in motorized wheelchair\n👨‍🦼: man in motorized wheelchair\n👩‍🦼: woman in motorized wheelchair\n🧑‍🦽: person in manual wheelchair\n👨‍🦽: man in manual wheelchair\n👩‍🦽: woman in manual wheelchair\n🏃: person running\n🏃‍♂️: man running\n🏃‍♀️: woman running\n💃: woman dancing\n🕺: man dancing\n🕴️: person in suit levitating\n👯: people with bunny ears\n👯‍♂️: men with bunny ears\n👯‍♀️: women with bunny ears\n🧖: person in steamy room\n🧖‍♂️: man in steamy room\n🧖‍♀️: woman in steamy room\n🧗: person climbing\n🧗‍♂️: man climbing\n🧗‍♀️: woman climbing\n🤺: person fencing\n🏇: horse racing\n⛷️: skier\n🏂: snowboarder\n🏌️: person golfing\n🏌️‍♂️: man golfing\n🏌️‍♀️: woman golfing\n🏄: person surfing\n🏄‍♂️: man surfing\n🏄‍♀️: woman surfing\n🚣: person rowing boat\n🚣‍♂️: man rowing boat\n🚣‍♀️: woman rowing boat\n🏊: person swimming\n🏊‍♂️: man swimming\n🏊‍♀️: woman swimming\n⛹️: person bouncing ball\n⛹️‍♂️: man bouncing ball\n⛹️‍♀️: woman bouncing ball\n🏋️: person lifting weights\n🏋️‍♂️: man lifting weights\n🏋️‍♀️: woman lifting weights\n🚴: person biking\n🚴‍♂️: man biking\n🚴‍♀️: woman biking\n🚵: person mountain biking\n🚵‍♂️: man mountain biking\n🚵‍♀️: woman mountain biking\n🤸: person cartwheeling\n🤸‍♂️: man cartwheeling\n🤸‍♀️: woman cartwheeling\n🤼: people wrestling\n🤼‍♂️: men wrestling\n🤼‍♀️: women wrestling\n🤽: person playing water polo\n🤽‍♂️: man playing water polo\n🤽‍♀️: woman playing water polo\n🤾: person playing handball\n🤾‍♂️: man playing handball\n🤾‍♀️: woman playing handball\n🤹: person juggling\n🤹‍♂️: man juggling\n🤹‍♀️: woman juggling\n🧘: person in lotus position\n🧘‍♂️: man in lotus position\n🧘‍♀️: woman in lotus position\n🛀: person taking bath\n🛌: person in bed\n🧑‍🤝‍🧑: people holding hands\n👭: women holding hands\n👫: woman and man holding hands\n👬: men holding hands\n💏: kiss\n👩‍❤️‍💋‍👨: kiss woman, man\n👨‍❤️‍💋‍👨: kiss man, man\n👩‍❤️‍💋‍👩: kiss woman, woman\n💑: couple with heart\n👩‍❤️‍👨: couple with heart woman, man\n👨‍❤️‍👨: couple with heart man, man\n👩‍❤️‍👩: couple with heart woman, woman\n👪: family\n👨‍👩‍👦: family man, woman, boy\n👨‍👩‍👧: family man, woman, girl\n👨‍👩‍👧‍👦: family man, woman, girl, boy\n👨‍👩‍👦‍👦: family man, woman, boy, boy\n👨‍👩‍👧‍👧: family man, woman, girl, girl\n👨‍👨‍👦: family man, man, boy\n👨‍👨‍👧: family man, man, girl\n👨‍👨‍👧‍👦: family man, man, girl, boy\n👨‍👨‍👦‍👦: family man, man, boy, boy\n👨‍👨‍👧‍👧: family man, man, girl, girl\n👩‍👩‍👦: family woman, woman, boy\n👩‍👩‍👧: family woman, woman, girl\n👩‍👩‍👧‍👦: family woman, woman, girl, boy\n👩‍👩‍👦‍👦: family woman, woman, boy, boy\n👩‍👩‍👧‍👧: family woman, woman, girl, girl\n👨‍👦: family man, boy\n👨‍👦‍👦: family man, boy, boy\n👨‍👧: family man, girl\n👨‍👧‍👦: family man, girl, boy\n👨‍👧‍👧: family man, girl, girl\n👩‍👦: family woman, boy\n👩‍👦‍👦: family woman, boy, boy\n👩‍👧: family woman, girl\n👩‍👧‍👦: family woman, girl, boy\n👩‍👧‍👧: family woman, girl, girl\n🗣️: speaking head\n👤: bust in silhouette\n👥: busts in silhouette\n🫂: people hugging\n👣: footprints\n"},"$:/plugins/Gk0Wk/notionpage-covericon/emoji/smileys-emotion":{"title":"$:/plugins/Gk0Wk/notionpage-covericon/emoji/smileys-emotion","caption":"Smileys & Emotion","tags":"$:/plugins/Gk0Wk/notionpage-covericon/emojies","type":"application/x-tiddler-dictionary","text":"😀: grinning face\n😃: grinning face with big eyes\n😄: grinning face with smiling eyes\n😁: beaming face with smiling eyes\n😆: grinning squinting face\n😅: grinning face with sweat\n🤣: rolling on the floor laughing\n😂: face with tears of joy\n🙂: slightly smiling face\n🙃: upside-down face\n😉: winking face\n😊: smiling face with smiling eyes\n😇: smiling face with halo\n🥰: smiling face with hearts\n😍: smiling face with heart-eyes\n🤩: star-struck\n😘: face blowing a kiss\n😗: kissing face\n☺️: smiling face\n😚: kissing face with closed eyes\n😙: kissing face with smiling eyes\n🥲: smiling face with tear\n😋: face savoring food\n😛: face with tongue\n😜: winking face with tongue\n🤪: zany face\n😝: squinting face with tongue\n🤑: money-mouth face\n🤗: hugging face\n🤭: face with hand over mouth\n🤫: shushing face\n🤔: thinking face\n🤐: zipper-mouth face\n🤨: face with raised eyebrow\n😐: neutral face\n😑: expressionless face\n😶: face without mouth\n😶‍🌫️: face in clouds\n😏: smirking face\n😒: unamused face\n🙄: face with rolling eyes\n😬: grimacing face\n😮‍💨: face exhaling\n🤥: lying face\n😌: relieved face\n😔: pensive face\n😪: sleepy face\n🤤: drooling face\n😴: sleeping face\n😷: face with medical mask\n🤒: face with thermometer\n🤕: face with head-bandage\n🤢: nauseated face\n🤮: face vomiting\n🤧: sneezing face\n🥵: hot face\n🥶: cold face\n🥴: woozy face\n😵: knocked-out face\n😵‍💫: face with spiral eyes\n🤯: exploding head\n🤠: cowboy hat face\n🥳: partying face\n🥸: disguised face\n😎: smiling face with sunglasses\n🤓: nerd face\n🧐: face with monocle\n😕: confused face\n😟: worried face\n🙁: slightly frowning face\n☹️: frowning face\n😮: face with open mouth\n😯: hushed face\n😲: astonished face\n😳: flushed face\n🥺: pleading face\n😦: frowning face with open mouth\n😧: anguished face\n😨: fearful face\n😰: anxious face with sweat\n😥: sad but relieved face\n😢: crying face\n😭: loudly crying face\n😱: face screaming in fear\n😖: confounded face\n😣: persevering face\n😞: disappointed face\n😓: downcast face with sweat\n😩: weary face\n😫: tired face\n🥱: yawning face\n😤: face with steam from nose\n😡: pouting face\n😠: angry face\n🤬: face with symbols on mouth\n😈: smiling face with horns\n👿: angry face with horns\n💀: skull\n☠️: skull and crossbones\n💩: pile of poo\n🤡: clown face\n👹: ogre\n👺: goblin\n👻: ghost\n👽: alien\n👾: alien monster\n🤖: robot\n😺: grinning cat\n😸: grinning cat with smiling eyes\n😹: cat with tears of joy\n😻: smiling cat with heart-eyes\n😼: cat with wry smile\n😽: kissing cat\n🙀: weary cat\n😿: crying cat\n😾: pouting cat\n🙈: see-no-evil monkey\n🙉: hear-no-evil monkey\n🙊: speak-no-evil monkey\n💋: kiss mark\n💌: love letter\n💘: heart with arrow\n💝: heart with ribbon\n💖: sparkling heart\n💗: growing heart\n💓: beating heart\n💞: revolving hearts\n💕: two hearts\n💟: heart decoration\n❣️: heart exclamation\n💔: broken heart\n❤️‍🔥: heart on fire\n❤️‍🩹: mending heart\n❤️: red heart\n🧡: orange heart\n💛: yellow heart\n💚: green heart\n💙: blue heart\n💜: purple heart\n🤎: brown heart\n🖤: black heart\n🤍: white heart\n💯: hundred points\n💢: anger symbol\n💥: collision\n💫: dizzy\n💦: sweat droplets\n💨: dashing away\n🕳️: hole\n💣: bomb\n💬: speech balloon\n👁️‍🗨️: eye in speech bubble\n🗨️: left speech bubble\n🗯️: right anger bubble\n💭: thought balloon\n💤: zzz\n"},"$:/plugins/Gk0Wk/notionpage-covericon/emoji/symbols":{"title":"$:/plugins/Gk0Wk/notionpage-covericon/emoji/symbols","caption":"Symbols","tags":"$:/plugins/Gk0Wk/notionpage-covericon/emojies","type":"application/x-tiddler-dictionary","text":"🏧: ATM sign\n🚮: litter in bin sign\n🚰: potable water\n♿: wheelchair symbol\n🚹: men’s room\n🚺: women’s room\n🚻: restroom\n🚼: baby symbol\n🚾: water closet\n🛂: passport control\n🛃: customs\n🛄: baggage claim\n🛅: left luggage\n⚠️: warning\n🚸: children crossing\n⛔: no entry\n🚫: prohibited\n🚳: no bicycles\n🚭: no smoking\n🚯: no littering\n🚱: non-potable water\n🚷: no pedestrians\n📵: no mobile phones\n🔞: no one under eighteen\n☢️: radioactive\n☣️: biohazard\n⬆️: up arrow\n↗️: up-right arrow\n➡️: right arrow\n↘️: down-right arrow\n⬇️: down arrow\n↙️: down-left arrow\n⬅️: left arrow\n↖️: up-left arrow\n↕️: up-down arrow\n↔️: left-right arrow\n↩️: right arrow curving left\n↪️: left arrow curving right\n⤴️: right arrow curving up\n⤵️: right arrow curving down\n🔃: clockwise vertical arrows\n🔄: counterclockwise arrows button\n🔙: BACK arrow\n🔚: END arrow\n🔛: ON! arrow\n🔜: SOON arrow\n🔝: TOP arrow\n🛐: place of worship\n⚛️: atom symbol\n🕉️: om\n✡️: star of David\n☸️: wheel of dharma\n☯️: yin yang\n✝️: latin cross\n☦️: orthodox cross\n☪️: star and crescent\n☮️: peace symbol\n🕎: menorah\n🔯: dotted six-pointed star\n♈: Aries\n♉: Taurus\n♊: Gemini\n♋: Cancer\n♌: Leo\n♍: Virgo\n♎: Libra\n♏: Scorpio\n♐: Sagittarius\n♑: Capricorn\n♒: Aquarius\n♓: Pisces\n⛎: Ophiuchus\n🔀: shuffle tracks button\n🔁: repeat button\n🔂: repeat single button\n▶️: play button\n⏩: fast-forward button\n⏭️: next track button\n⏯️: play or pause button\n◀️: reverse button\n⏪: fast reverse button\n⏮️: last track button\n🔼: upwards button\n⏫: fast up button\n🔽: downwards button\n⏬: fast down button\n⏸️: pause button\n⏹️: stop button\n⏺️: record button\n⏏️: eject button\n🎦: cinema\n🔅: dim button\n🔆: bright button\n📶: antenna bars\n📳: vibration mode\n📴: mobile phone off\n♀️: female sign\n♂️: male sign\n⚧️: transgender symbol\n✖️: multiply\n➕: plus\n➖: minus\n➗: divide\n♾️: infinity\n‼️: double exclamation mark\n⁉️: exclamation question mark\n❓: red question mark\n❔: white question mark\n❕: white exclamation mark\n❗: red exclamation mark\n〰️: wavy dash\n💱: currency exchange\n💲: heavy dollar sign\n⚕️: medical symbol\n♻️: recycling symbol\n⚜️: fleur-de-lis\n🔱: trident emblem\n📛: name badge\n🔰: Japanese symbol for beginner\n⭕: hollow red circle\n✅: check mark button\n☑️: check box with check\n✔️: check mark\n❌: cross mark\n❎: cross mark button\n➰: curly loop\n➿: double curly loop\n〽️: part alternation mark\n✳️: eight-spoked asterisk\n✴️: eight-pointed star\n❇️: sparkle\n©️: copyright\n®️: registered\n™️: trade mark\n#️⃣: keycap #\n*️⃣: keycap *\n0️⃣: keycap 0\n1️⃣: keycap 1\n2️⃣: keycap 2\n3️⃣: keycap 3\n4️⃣: keycap 4\n5️⃣: keycap 5\n6️⃣: keycap 6\n7️⃣: keycap 7\n8️⃣: keycap 8\n9️⃣: keycap 9\n🔟: keycap 10\n🔠: input latin uppercase\n🔡: input latin lowercase\n🔢: input numbers\n🔣: input symbols\n🔤: input latin letters\n🅰️: A button (blood type)\n🆎: AB button (blood type)\n🅱️: B button (blood type)\n🆑: CL button\n🆒: COOL button\n🆓: FREE button\nℹ️: information\n🆔: ID button\nⓂ️: circled M\n🆕: NEW button\n🆖: NG button\n🅾️: O button (blood type)\n🆗: OK button\n🅿️: P button\n🆘: SOS button\n🆙: UP! button\n🆚: VS button\n🈁: Japanese “here” button\n🈂️: Japanese “service charge” button\n🈷️: Japanese “monthly amount” button\n🈶: Japanese “not free of charge” button\n🈯: Japanese “reserved” button\n🉐: Japanese “bargain” button\n🈹: Japanese “discount” button\n🈚: Japanese “free of charge” button\n🈲: Japanese “prohibited” button\n🉑: Japanese “acceptable” button\n🈸: Japanese “application” button\n🈴: Japanese “passing grade” button\n🈳: Japanese “vacancy” button\n㊗️: Japanese “congratulations” button\n㊙️: Japanese “secret” button\n🈺: Japanese “open for business” button\n🈵: Japanese “no vacancy” button\n🔴: red circle\n🟠: orange circle\n🟡: yellow circle\n🟢: green circle\n🔵: blue circle\n🟣: purple circle\n🟤: brown circle\n⚫: black circle\n⚪: white circle\n🟥: red square\n🟧: orange square\n🟨: yellow square\n🟩: green square\n🟦: blue square\n🟪: purple square\n🟫: brown square\n⬛: black large square\n⬜: white large square\n◼️: black medium square\n◻️: white medium square\n◾: black medium-small square\n◽: white medium-small square\n▪️: black small square\n▫️: white small square\n🔶: large orange diamond\n🔷: large blue diamond\n🔸: small orange diamond\n🔹: small blue diamond\n🔺: red triangle pointed up\n🔻: red triangle pointed down\n💠: diamond with a dot\n🔘: radio button\n🔳: white square button\n🔲: black square button\n"},"$:/plugins/Gk0Wk/notionpage-covericon/emoji/travel-places":{"title":"$:/plugins/Gk0Wk/notionpage-covericon/emoji/travel-places","caption":"Travel & Places","tags":"$:/plugins/Gk0Wk/notionpage-covericon/emojies","type":"application/x-tiddler-dictionary","text":"🌍: globe showing Europe-Africa\n🌎: globe showing Americas\n🌏: globe showing Asia-Australia\n🌐: globe with meridians\n🗺️: world map\n🗾: map of Japan\n🧭: compass\n🏔️: snow-capped mountain\n⛰️: mountain\n🌋: volcano\n🗻: mount fuji\n🏕️: camping\n🏖️: beach with umbrella\n🏜️: desert\n🏝️: desert island\n🏞️: national park\n🏟️: stadium\n🏛️: classical building\n🏗️: building construction\n🧱: brick\n🪨: rock\n🪵: wood\n🛖: hut\n🏘️: houses\n🏚️: derelict house\n🏠: house\n🏡: house with garden\n🏢: office building\n🏣: Japanese post office\n🏤: post office\n🏥: hospital\n🏦: bank\n🏨: hotel\n🏩: love hotel\n🏪: convenience store\n🏫: school\n🏬: department store\n🏭: factory\n🏯: Japanese castle\n🏰: castle\n💒: wedding\n🗼: Tokyo tower\n🗽: Statue of Liberty\n⛪: church\n🕌: mosque\n🛕: hindu temple\n🕍: synagogue\n⛩️: shinto shrine\n🕋: kaaba\n⛲: fountain\n⛺: tent\n🌁: foggy\n🌃: night with stars\n🏙️: cityscape\n🌄: sunrise over mountains\n🌅: sunrise\n🌆: cityscape at dusk\n🌇: sunset\n🌉: bridge at night\n♨️: hot springs\n🎠: carousel horse\n🎡: ferris wheel\n🎢: roller coaster\n💈: barber pole\n🎪: circus tent\n🚂: locomotive\n🚃: railway car\n🚄: high-speed train\n🚅: bullet train\n🚆: train\n🚇: metro\n🚈: light rail\n🚉: station\n🚊: tram\n🚝: monorail\n🚞: mountain railway\n🚋: tram car\n🚌: bus\n🚍: oncoming bus\n🚎: trolleybus\n🚐: minibus\n🚑: ambulance\n🚒: fire engine\n🚓: police car\n🚔: oncoming police car\n🚕: taxi\n🚖: oncoming taxi\n🚗: automobile\n🚘: oncoming automobile\n🚙: sport utility vehicle\n🛻: pickup truck\n🚚: delivery truck\n🚛: articulated lorry\n🚜: tractor\n🏎️: racing car\n🏍️: motorcycle\n🛵: motor scooter\n🦽: manual wheelchair\n🦼: motorized wheelchair\n🛺: auto rickshaw\n🚲: bicycle\n🛴: kick scooter\n🛹: skateboard\n🛼: roller skate\n🚏: bus stop\n🛣️: motorway\n🛤️: railway track\n🛢️: oil drum\n⛽: fuel pump\n🚨: police car light\n🚥: horizontal traffic light\n🚦: vertical traffic light\n🛑: stop sign\n🚧: construction\n⚓: anchor\n⛵: sailboat\n🛶: canoe\n🚤: speedboat\n🛳️: passenger ship\n⛴️: ferry\n🛥️: motor boat\n🚢: ship\n✈️: airplane\n🛩️: small airplane\n🛫: airplane departure\n🛬: airplane arrival\n🪂: parachute\n💺: seat\n🚁: helicopter\n🚟: suspension railway\n🚠: mountain cableway\n🚡: aerial tramway\n🛰️: satellite\n🚀: rocket\n🛸: flying saucer\n🛎️: bellhop bell\n🧳: luggage\n⌛: hourglass done\n⏳: hourglass not done\n⌚: watch\n⏰: alarm clock\n⏱️: stopwatch\n⏲️: timer clock\n🕰️: mantelpiece clock\n🕛: twelve o’clock\n🕧: twelve-thirty\n🕐: one o’clock\n🕜: one-thirty\n🕑: two o’clock\n🕝: two-thirty\n🕒: three o’clock\n🕞: three-thirty\n🕓: four o’clock\n🕟: four-thirty\n🕔: five o’clock\n🕠: five-thirty\n🕕: six o’clock\n🕡: six-thirty\n🕖: seven o’clock\n🕢: seven-thirty\n🕗: eight o’clock\n🕣: eight-thirty\n🕘: nine o’clock\n🕤: nine-thirty\n🕙: ten o’clock\n🕥: ten-thirty\n🕚: eleven o’clock\n🕦: eleven-thirty\n🌑: new moon\n🌒: waxing crescent moon\n🌓: first quarter moon\n🌔: waxing gibbous moon\n🌕: full moon\n🌖: waning gibbous moon\n🌗: last quarter moon\n🌘: waning crescent moon\n🌙: crescent moon\n🌚: new moon face\n🌛: first quarter moon face\n🌜: last quarter moon face\n🌡️: thermometer\n☀️: sun\n🌝: full moon face\n🌞: sun with face\n🪐: ringed planet\n⭐: star\n🌟: glowing star\n🌠: shooting star\n🌌: milky way\n☁️: cloud\n⛅: sun behind cloud\n⛈️: cloud with lightning and rain\n🌤️: sun behind small cloud\n🌥️: sun behind large cloud\n🌦️: sun behind rain cloud\n🌧️: cloud with rain\n🌨️: cloud with snow\n🌩️: cloud with lightning\n🌪️: tornado\n🌫️: fog\n🌬️: wind face\n🌀: cyclone\n🌈: rainbow\n🌂: closed umbrella\n☂️: umbrella\n☔: umbrella with rain drops\n⛱️: umbrella on ground\n⚡: high voltage\n❄️: snowflake\n☃️: snowman\n⛄: snowman without snow\n☄️: comet\n🔥: fire\n💧: droplet\n🌊: water wave\n"},"$:/plugins/Gk0Wk/notionpage-covericon/icon-selector":{"title":"$:/plugins/Gk0Wk/notionpage-covericon/icon-selector","text":"<$list filter=\"[<tiddler>addprefix[$:/temp/Gk0Wk/notionpage-covericon/SelectorTab/]]\" variable=\"tabTiddler\">\n<$list filter=\"[<tiddler>addprefix[$:/temp/Gk0Wk/notionpage-covericon/EmojiFilter/]]\" variable=\"filter\">\n<$list filter=\"[<tabTiddler>get[text]else[emoji]]\" variable=\"tabName\">\n<div class=\"gk0wk-notionbg-icon-selection-box\">\n    <!-- Tabs -->\n    <div class=\"gk0wk-notionbg-selection-box-header\">\n        <div class=\"gk0wk-notionbg-selection-box-tabs\">\n            <$list filter=\"[<tabName>!match[emoji]]\">\n                <$button set=<<tabTiddler>> setTo=\"emoji\" tooltip=\"Emoji Tab\">Emoji</$button>\n            </$list>\n            <$list filter=\"[<tabName>match[emoji]]\">\n                <$button set=<<tabTiddler>> class=\"gk0wk-notionbg-tab-selected\" setTo=\"emoji\" tooltip=\"Emoji Tab\">Emoji</$button>\n            </$list>\n            <$list filter=\"[<tabName>!match[system]]\">\n                <$button set=<<tabTiddler>> setTo=\"system\" tooltip=\"System Icon Tab\">System Icon</$button>\n            </$list>\n            <$list filter=\"[<tabName>match[system]]\">\n                <$button set=<<tabTiddler>> class=\"gk0wk-notionbg-tab-selected\" setTo=\"system\" tooltip=\"System Icon Tab\">System Icon</$button>\n            </$list>\n            <$list filter=\"[<tabName>!match[tiddlerurl]]\">\n                <$button set=<<tabTiddler>> setTo=\"tiddlerurl\" tooltip=\"Tiddler & URL Tab\">Tiddler & URL</$button>\n            </$list>\n            <$list filter=\"[<tabName>match[tiddlerurl]]\">\n                <$button set=<<tabTiddler>> class=\"gk0wk-notionbg-tab-selected\" setTo=\"tiddlerurl\" tooltip=\"Tiddler & URL Tab\">Tiddler & URL</$button>\n            </$list>\n            <$button setTitle=<<tiddler>> setField=\"icon\" setTo=\"\" style=\"float: right; opacity: 0.5;\" tooltip=\"Clear Icon\">{{$:/core/images/delete-button}} Clear Icon</$button>\n        </div>\n        <$list filter=\"[<tabName>match[emoji]]\">\n        <div class=\"gk0wk-notionbg-selection-box-emojifilter\">\n            <$edit-text tiddler=<<filter>> default=\"\" placeholder=\"Filter...\" focus=\"true\"/>\n        </div>\n        </$list>\n    </div>\n    <!-- Emoji -->\n    <$list filter=\"[<tabName>match[emoji]]\">\n        <$list filter=\"[<filter>get[text]!match[]]\" variable=\"filterText\">\n        <$list filter=\"[all[tiddlers+shadows]tag[$:/plugins/Gk0Wk/notionpage-covericon/emojies]]\">\n            <div class=\"gk0wk-notionbg-icon-selection-type\">\n                <$set name=\"dictonary\" value=<<currentTiddler>>>\n                    <div class=\"gk0wk-notionbg-icon-selection-typetitle\">{{!!caption}}</div>\n                    <div class=\"gk0wk-notionbg-icon-selection-icons\">\n                        <$list filter=\"[all[current]indexes[]]\">\n                            <$list filter=\"[<dictonary>getindex<currentTiddler>search<filterText>]\" variable=\"tmp\">\n                                <$button setTitle=<<tiddler>> setField=\"icon\" setTo=<<currentTiddler>> tooltip={{{[<dictonary>getindex<currentTiddler>]}}}>\n                                    <<currentTiddler>>\n                                </$button>\n                            </$list>\n                        </$list>\n                    </div>\n                </$set>\n            </div>\n        </$list>\n        </$list>\n        <$reveal state=<<filter>> type=\"match\" text=\"\">\n        <$list filter=\"[all[tiddlers+shadows]tag[$:/plugins/Gk0Wk/notionpage-covericon/emojies]]\">\n            <div class=\"gk0wk-notionbg-icon-selection-type\">\n                <$set name=\"dictonary\" value=<<currentTiddler>>>\n                    <div class=\"gk0wk-notionbg-icon-selection-typetitle\">{{!!caption}}</div>\n                    <div class=\"gk0wk-notionbg-icon-selection-icons\">\n                        <$list filter=\"[all[current]indexes[]]\">\n                            <$button setTitle=<<tiddler>> setField=\"icon\" setTo=<<currentTiddler>> tooltip={{{[<dictonary>getindex<currentTiddler>]}}}>\n                                <<currentTiddler>>\n                            </$button>\n                        </$list>\n                    </div>\n                </$set>\n            </div>\n        </$list>\n        </$reveal>\n\t</$list>\n    <!-- System Icon -->\n    <$list filter=\"[<tabName>match[system]]\">\n    <div class=\"gk0wk-notionbg-icon-selection-type\">\n        <div class=\"gk0wk-notionbg-icon-selection-icons\">\n            <$list filter=\"[all[tiddlers+shadows]tag[$:/tags/Image]]\">\n            <$button setTitle=<<tiddler>> setField=\"icon\" setTo=<<currentTiddler>> tooltip=<<currentTiddler>>>\n                <$transclude tiddler=<<currentTiddler>>/>\n            </$button>\n            </$list>\n        </div>\n    </div>\n    </$list>\n    <!-- System Icon -->\n    <$list filter=\"[<tabName>match[tiddlerurl]]\">\n        <div class=\"gk0wk-notionbg-selection-box-tiddlerurlinput\">\n            <$edit-text tiddler=<<tiddler>> field=\"icon\" default=\"\" placeholder=\"Tiddler or URL\" focus=\"true\"/>\n        </div>\n    </$list>\n</div>\n</$list>\n</$list>\n</$list>\n"},"$:/plugins/Gk0Wk/notionpage-covericon/readme":{"title":"$:/plugins/Gk0Wk/notionpage-covericon/readme","text":"\\define lingo-base() $:/language/ThemeTweaks/\n\n<$list filter=\"[[$:/language]get[text]removeprefix[$:/languages/]else[en-GB]]\" variable=\"lang\">\n<$list filter=\"[<lang>search[zh]]\">\n\n安装插件后，在每个tiddler的标题上方会有两个按钮(鼠标悬浮在上面就会显示)，分别用于添加图标(默认是emoji📒)和添加页面封面(默认是`https://source.unsplash.com/random`)。点击图标就可以修改图标内容，点击修改封面就可以修改封面地址(可以是url或者tiddler标题)。\n\n使用如下字段来存储页面的图标和封面信息：\n\n* `icon` 存储图标，可以是emoji、WikiText或者tiddler的标题。\n* `page-cover` 存储封面的url或者tiddler的标题。\n\n!! 设置\n\n<div class=\"tc-control-panel\">\n\n|[[默认图标|$:/plugins/Gk0Wk/notionpage-covericon/default-icon]] |<$edit-text tiddler=\"$:/plugins/Gk0Wk/notionpage-covericon/default-icon\" default=\"📒\" placeholder=\"Emoji, WikiText 或者 Tiddler\"/> |\n|[[默认封面|$:/plugins/Gk0Wk/notionpage-covericon/default-pagecover-url]] |<$edit-text tiddler=\"$:/plugins/Gk0Wk/notionpage-covericon/default-pagecover-url\" default=\"https://source.unsplash.com/random\" placeholder=\"URL 或者 Tiddler\"/> |\n|[[图标大小|$:/plugins/Gk0Wk/notionpage-covericon/style/icon-size]] |<$edit-text tiddler=\"$:/plugins/Gk0Wk/notionpage-covericon/style/icon-size\" placeholder=\"如：65px\" tag=\"input\"/> |\n|[[封面高度(紧凑模式)|$:/plugins/Gk0Wk/notionpage-covericon/style/cover-height/narrow]] |<$edit-text tiddler=\"$:/plugins/Gk0Wk/notionpage-covericon/style/cover-height/narrow\" placeholder=\"如：300px\" tag=\"input\"/> |\n|[[封面高度(宽屏模式)|$:/plugins/Gk0Wk/notionpage-covericon/style/cover-height/wide]] |<$edit-text tiddler=\"$:/plugins/Gk0Wk/notionpage-covericon/style/cover-height/wide\" placeholder=\"如：300px\" tag=\"input\"/> |\n|[[封面顶端位置(紧凑模式)|$:/plugins/Gk0Wk/notionpage-covericon/style/top-offset/narrow]] |<$edit-text tiddler=\"$:/plugins/Gk0Wk/notionpage-covericon/style/top-offset/narrow\" placeholder=\"如：-14px\" tag=\"input\"/> |\n|[[封面顶端位置(宽屏模式)|$:/plugins/Gk0Wk/notionpage-covericon/style/top-offset/wide]] |<$edit-text tiddler=\"$:/plugins/Gk0Wk/notionpage-covericon/style/top-offset/wide\" placeholder=\"如：-28px\" tag=\"input\"/> |\n|[[封面左侧位置(紧凑模式)|$:/plugins/Gk0Wk/notionpage-covericon/style/cover-left/narrow]] |<$edit-text tiddler=\"$:/plugins/Gk0Wk/notionpage-covericon/style/cover-left/narrow\" placeholder=\"如：-14px\" tag=\"input\"/> |\n|[[封面左侧位置(宽屏模式)|$:/plugins/Gk0Wk/notionpage-covericon/style/cover-left/wide]] |<$edit-text tiddler=\"$:/plugins/Gk0Wk/notionpage-covericon/style/cover-left/wide\" placeholder=\"如：-42px\" tag=\"input\"/> |\n|[[封面右侧位置(紧凑模式)|$:/plugins/Gk0Wk/notionpage-covericon/style/cover-right/narrow]] |<$edit-text tiddler=\"$:/plugins/Gk0Wk/notionpage-covericon/style/cover-right/narrow\" placeholder=\"如：-14px\" tag=\"input\"/> |\n|[[封面右侧位置(宽屏模式)|$:/plugins/Gk0Wk/notionpage-covericon/style/cover-right/wide]] |<$edit-text tiddler=\"$:/plugins/Gk0Wk/notionpage-covericon/style/cover-right/wide\" placeholder=\"如：-42px\" tag=\"input\"/> |\n\n</div>\n\n* 注：【宽屏模式】和【紧凑模式】是由 <$link to=\"$:/themes/tiddlywiki/vanilla/metrics/sidebarbreakpoint\"><<lingo Metrics/SidebarBreakpoint>></$link> 决定的，当前<<lingo Metrics/SidebarBreakpoint>>为{{$:/themes/tiddlywiki/vanilla/metrics/sidebarbreakpoint}}。\n</$list>\n\n<$list filter=\"[<lang>!search[zh]]\">\n\nAfter installing the plugin, there will be two buttons above the title of each tiddler (which will be displayed when the mouse hovers over it) for adding icons (default is emoji📒) and adding page covers (default is `https://source.unsplash.com/random`). Click on the icon to modify the icon content, and click on the modify cover to modify the cover address (can be url or tiddler title).\n\nUse the following fields to store the page's icon and cover information.\n\n* `icon` stores the icon, which can be an emoji, WikiText or tiddler title.\n* `page-cover` stores the url of the cover or the title of the tiddler.\n\n!! Settings\n\n<div class=\"tc-control-panel\">\n\n|[[Default icon|$:/plugins/Gk0Wk/notionpage-covericon/default-icon]] |<$edit-text tiddler=\"$:/plugins/Gk0Wk/notionpage-covericon/default-icon\" default=\"📒\" placeholder=\"Emoji, WikiText or Tiddler\"/> |\n|[[Default page cover|$:/plugins/Gk0Wk/notionpage-covericon/default-pagecover-url]] |<$edit-text tiddler=\"$:/plugins/Gk0Wk/notionpage-covericon/default-pagecover-url\" default=\"https://source.unsplash.com/random\" placeholder=\"URL or Tiddler\"/> |\n|[[Icon size|$:/plugins/Gk0Wk/notionpage-covericon/style/icon-size]] |<$edit-text tiddler=\"$:/plugins/Gk0Wk/notionpage-covericon/style/icon-size\" placeholder=\"e.g. 65px\" tag=\"input\"/> |\n|[[Height of page cover(Compact mode)|$:/plugins/Gk0Wk/notionpage-covericon/style/cover-height/narrow]] |<$edit-text tiddler=\"$:/plugins/Gk0Wk/notionpage-covericon/style/cover-height/narrow\" placeholder=\"e.g. 300px\" tag=\"input\"/> |\n|[[Height of page cover(Widescreen mode)|$:/plugins/Gk0Wk/notionpage-covericon/style/cover-height/wide]] |<$edit-text tiddler=\"$:/plugins/Gk0Wk/notionpage-covericon/style/cover-height/wide\" placeholder=\"e.g. 300px\" tag=\"input\"/> |\n|[[Top position of page cover(Compact mode)|$:/plugins/Gk0Wk/notionpage-covericon/style/top-offset/narrow]] |<$edit-text tiddler=\"$:/plugins/Gk0Wk/notionpage-covericon/style/top-offset/narrow\" placeholder=\"e.g. -14px\" tag=\"input\"/> |\n|[[Top position of page cover(Widescreen mode)|$:/plugins/Gk0Wk/notionpage-covericon/style/top-offset/wide]] |<$edit-text tiddler=\"$:/plugins/Gk0Wk/notionpage-covericon/style/top-offset/wide\" placeholder=\"e.g. -28px\" tag=\"input\"/> |\n|[[Left position of page cover(Compact mode)|$:/plugins/Gk0Wk/notionpage-covericon/style/cover-left/narrow]] |<$edit-text tiddler=\"$:/plugins/Gk0Wk/notionpage-covericon/style/cover-left/narrow\" placeholder=\"e.g. -14px\" tag=\"input\"/> |\n|[[Left position of page cover(Widescreen mode)|$:/plugins/Gk0Wk/notionpage-covericon/style/cover-left/wide]] |<$edit-text tiddler=\"$:/plugins/Gk0Wk/notionpage-covericon/style/cover-left/wide\" placeholder=\"e.g. -42px\" tag=\"input\"/> |\n|[[Right position of page cover(Compact mode)|$:/plugins/Gk0Wk/notionpage-covericon/style/cover-right/narrow]] |<$edit-text tiddler=\"$:/plugins/Gk0Wk/notionpage-covericon/style/cover-right/narrow\" placeholder=\"e.g. -14px\" tag=\"input\"/> |\n|[[Right position of page cover(Widescreen mode)|$:/plugins/Gk0Wk/notionpage-covericon/style/cover-right/wide]] |<$edit-text tiddler=\"$:/plugins/Gk0Wk/notionpage-covericon/style/cover-right/wide\" placeholder=\"e.g. -42px\" tag=\"input\"/> |\n\n</div>\n\n* Note: [Widescreen mode] and [Compact mode] are determined by <$link to=\"$:/themes/tiddlywiki/vanilla/metrics/sidebarbreakpoint\"><<lingo Metrics/SidebarBreakpoint>></$link>. Now the <<lingo Metrics/SidebarBreakpoint>> is {{$:/themes/tiddlywiki/vanilla/metrics/sidebarbreakpoint}}.\n</$list>\n</$list>\n"},"$:/plugins/Gk0Wk/notionpage-covericon/style.css":{"title":"$:/plugins/Gk0Wk/notionpage-covericon/style.css","text":"/* Container */\n.gk0wk-notionpagebg {\n  width: 100%;\n  position: relative;\n}\n\n.gk0wk-notionpagebg-c, .gk0wk-notionpagebg-ci {\n  top: {{$:/plugins/Gk0Wk/notionpage-covericon/style/top-offset/wide}};\n}\n\n.gk0wk-notionpagebg .gk0wk-notionpagebg-image {\n  width: calc(100% - {{$:/plugins/Gk0Wk/notionpage-covericon/style/cover-left/wide}} - {{$:/plugins/Gk0Wk/notionpage-covericon/style/cover-right/wide}});\n  left: {{$:/plugins/Gk0Wk/notionpage-covericon/style/cover-left/wide}};\n  height: {{$:/plugins/Gk0Wk/notionpage-covericon/style/cover-height/wide}};\n  overflow: hidden;\n  position: relative;\n}\n\n.gk0wk-notionpagebg-ci {\n  height: calc({{$:/plugins/Gk0Wk/notionpage-covericon/style/cover-height/wide}} + {{$:/plugins/Gk0Wk/notionpage-covericon/style/icon-size}} / 2 + {{$:/plugins/Gk0Wk/notionpage-covericon/style/top-offset/wide}} + 10px);\n  pointer-events: none;\n}\n\n.gk0wk-notionpagebg-c {\n  height: calc({{$:/plugins/Gk0Wk/notionpage-covericon/style/cover-height/wide}} + {{$:/plugins/Gk0Wk/notionpage-covericon/style/top-offset/wide}} + 30px + 10px);\n}\n\n@media (max-width: {{$:/themes/tiddlywiki/vanilla/metrics/sidebarbreakpoint}}) {\n  .gk0wk-notionpagebg-c, .gk0wk-notionpagebg-ci {\n    top: {{$:/plugins/Gk0Wk/notionpage-covericon/style/top-offset/narrow}};\n  }\n  .gk0wk-notionpagebg .gk0wk-notionpagebg-image {\n    width: calc(100% - {{$:/plugins/Gk0Wk/notionpage-covericon/style/cover-left/narrow}} - {{$:/plugins/Gk0Wk/notionpage-covericon/style/cover-right/narrow}});\n    left: {{$:/plugins/Gk0Wk/notionpage-covericon/style/cover-left/narrow}};\n    height: {{$:/plugins/Gk0Wk/notionpage-covericon/style/cover-height/narrow}};\n  }\n  .gk0wk-notionpagebg-ci {\n    height: calc({{$:/plugins/Gk0Wk/notionpage-covericon/style/cover-height/narrow}} + {{$:/plugins/Gk0Wk/notionpage-covericon/style/icon-size}} / 2 + {{$:/plugins/Gk0Wk/notionpage-covericon/style/top-offset/narrow}} + 10px);\n  }\n  .gk0wk-notionpagebg-c {\n    height: calc({{$:/plugins/Gk0Wk/notionpage-covericon/style/cover-height/narrow}} + {{$:/plugins/Gk0Wk/notionpage-covericon/style/top-offset/narrow}} + 30px + 10px);\n  }\n}\n\n.gk0wk-notionpagebg p {\n    margin: 0;\n}\n\n/* Buttons */\n\n.gk0wk-notionpagebg button {\n  background: transparent;\n  border: none;\n}\n\n.gk0wk-notionpagebg-icon1,\n.gk0wk-notionpagebg-icon2,\n.gk0wk-notionpageb-changecover,\n.gk0wk-notionbg-addbuttons button {\n  color: <<colour foreground>> !important;\n  fill: <<colour foreground>> !important;\n  user-select: none;\n  cursor: pointer;\n  transition: all {{$:/config/AnimationDuration}}ms;\n}\n\n.gk0wk-notionpagebg-icon1,\n.gk0wk-notionpagebg-icon2 {\n  font-size: {{$:/plugins/Gk0Wk/notionpage-covericon/style/icon-size}};\n  font-family: \"Apple Color Emoji\", \"Segoe UI Emoji\", NotoColorEmoji, \"Noto Color Emoji\", \"Segoe UI Symbol\", \"Android Emoji\", EmojiSymbols;\n  padding: 4px !important;\n  pointer-events: auto;\n}\n\n.gk0wk-notionpagebg-icon2 {\n  position: relative;\n  top: calc(-{{$:/plugins/Gk0Wk/notionpage-covericon/style/icon-size}} / 1.6);\n}\n\n.gk0wk-notionpagebg-icon1:hover,\n.gk0wk-notionpagebg-icon2:hover {\n  background: <<colour background>> !important;\n}\n\n.gk0wk-notionbg-addbuttons {\n  width: 100%;\n  height: 30px;\n  opacity: 0;\n  display: flex;\n  margin-top: 5px;\n  transition: all {{$:/config/AnimationDuration}}ms;\n}\n\n.gk0wk-notionpagebg:hover .gk0wk-notionbg-addbuttons,\n.gk0wk-notionpagebg:hover .gk0wk-notionpageb-changecover {\n  opacity: 1;\n}\n\n.gk0wk-notionbg-addbuttons button {\n  padding: 3px 6px;\n  margin-right: 12px;\n  opacity: 0.8;\n}\n\n.gk0wk-notionpageb-changecover {\n  position: absolute;\n  top: 265px;\n  right: 10px;\n  padding: 4px 6px !important;\n  filter: contrast(90%);\n  opacity: 0;\n  pointer-events: auto;\n  transition: all {{$:/config/AnimationDuration}}ms;\n}\n\n.gk0wk-notionpageb-changecover:hover {\n  background: <<colour background>>;\n}\n\n/* Page Cover */\n\n.gk0wk-notionpagebg .gk0wk-notionpagebg-image img {\n  position: relative;\n  top: 50%;\n  transform: translateY(-50%);\n}\n\n/* Change Page Cover */\n\n.gk0wk-notionpageb-changecover-box {\n  border-radius: 3px;\n  <<box-shadow \"#00000070 0 2px 6px\">>\n  background: <<colour background>>;\n  padding: 10px 6px 20px 6px;\n  width: 318px;\n  pointer-events: auto;\n}\n\n/* Icon Selector */\n\n.gk0wk-notionbg-icon-selection-box {\n  border-radius: 3px;\n  <<box-shadow \"#00000070 0 2px 6px\">>\n  overflow: auto;\n  filter: contrast(90%);\n  background: <<colour background>>;\n  max-height: min(60vh, 390px);\n  max-width: 480px;\n  pointer-events: auto;\n}\n\n.gk0wk-notionbg-icon-selection-type {\n  padding: 6px 0;\n}\n\n.gk0wk-notionbg-icon-selection-typetitle {\n  color: <<colour muted-foreground>>;\n  display: block;\n  padding-left: 14px;\n  padding-right: 14px;\n  margin-top: 6px;\n  margin-bottom: 8px;\n  font-size: 1em;\n  font-weight: 600;\n  line-height: 120%;\n  user-select: none;\n  text-transform: uppercase;\n}\n\n.gk0wk-notionbg-icon-selection-icons {\n  display: flex;\n  flex-flow: row wrap;\n  align-items: flex-start;\n  background: transparent;\n  padding: 0px 0px 0px 12px;\n  margin-bottom: 1px;\n  font-family: \"Apple Color Emoji\", \"Segoe UI Emoji\", NotoColorEmoji, \"Noto Color Emoji\", \"Segoe UI Symbol\", \"Android Emoji\", EmojiSymbols;\n}\n\n.gk0wk-notionbg-icon-selection-icons > button {\n  user-select: none;\n  cursor: pointer;\n  display: flex;\n  align-items: center;\n  justify-content: center;\n  border-radius: 3px;\n  width: 32px;\n  height: 32px;\n  font-size: 24px;\n}\n\n.gk0wk-notionbg-icon-selection-type button {\n  background: transparent !important;\n  border: none !important;\n  border-radius: 3px;\n  padding: 4px 8px;\n  transition: all {{$:/config/AnimationDuration}}ms;\n  color: <<colour foreground>> !important;\n  fill: <<colour foreground>> !important;\n}\n\n.gk0wk-notionbg-icon-selection-type button:hover {\n  background: <<colour background>> !important;\n  color: <<colour foreground>> !important;\n  fill: <<colour foreground>> !important;\n  filter: contrast(85%);\n}\n\n.gk0wk-notionbg-icon-selection-type button:active {\n  background: <<colour background>> !important;\n  color: <<colour foreground>> !important;\n  fill: <<colour foreground>> !important;\n  filter: contrast(70%);\n}\n\n.gk0wk-notionbg-selection-box-emojifilter,\n.gk0wk-notionbg-selection-box-tiddlerurlinput,\n.gk0wk-notionpageb-changecover-box > div {\n  display: flex;\n  align-items: center;\n  width: calc(100% - 28px);\n  font-size: 14px;\n  line-height: 20px;\n  padding: 3px 6px;\n  position: relative;\n  border-radius: 3px;\n  cursor: text;\n  height: 28px;\n  margin: 10px 14px 0px 14px;\n  background: <<colour background>>;\n  filter: contrast(90%);\n}\n\n.gk0wk-notionbg-selection-box-tiddlerurlinput {\n  margin-bottom: 10px;\n}\n\n.gk0wk-notionbg-selection-box-emojifilter > textarea,\n.gk0wk-notionbg-selection-box-tiddlerurlinput > textarea,\n.gk0wk-notionpageb-changecover-box > div > input,\n.gk0wk-notionbg-selection-box-tiddlerurlinput > input {\n  height: 22px !important;\n  font-size: inherit;\n  line-height: inherit;\n  border: none;\n  background: none;\n  width: 100%;\n  display: block;\n  resize: none;\n  padding: 0px;\n  width: 100%;\n}\n\n.gk0wk-notionbg-selection-box-emojifilter > textarea:focus,\n.gk0wk-notionbg-selection-box-tiddlerurlinput > textarea:focus,\n.gk0wk-notionpageb-changecover-box > div > input:focus,\n.gk0wk-notionbg-selection-box-tiddlerurlinput > input:focus {\n  outline: none;\n}\n\n.gk0wk-notionbg-selection-box-header {\n  position: sticky;\n  top: 0;\n  width: 100%;\n  background: <<colour background>>;\n  padding-bottom: 6px;\n  z-index: 1000;\n}\n\n.gk0wk-notionbg-selection-box-tabs {\n  width: 100%;\n  padding-left: 8px;\n  -webkit-box-shadow: <<colour very-muted-foreground>> 0px 1px 0px;\n  -moz-box-shadow: <<colour very-muted-foreground>> 0px 1px 0px;\n  box-shadow: <<colour very-muted-foreground>> 0px 1px 0px;\n}\n\n.gk0wk-notionbg-selection-box-tabs button {\n  padding: 6px 8px 10px 8px !important;\n  line-height: 1.2;\n  margin: 4px 4px 0 4px !important;\n  cursor: pointer;\n  white-space: nowrap;\n  color: <<colour foreground>>;\n  fill: <<colour foreground>>;\n  border-radius: 3px 3px 0 0 !important;\n  transition: all {{$:/config/AnimationDuration}}ms;\n}\n\n.gk0wk-notionbg-selection-box-tabs button:hover {\n  background: <<colour background>> !important;\n  filter: contrast(85%);\n}\n\n.gk0wk-notionbg-selection-box-tabs button.gk0wk-notionbg-tab-selected {\n  font-weight: 600;\n  -webkit-box-shadow: <<colour foreground>> 0px 2px 0px;\n  -moz-box-shadow: <<colour foreground>> 0px 2px 0px;\n  box-shadow: <<colour foreground>> 0px 2px 0px;\n}\n","tags":"$:/tags/Stylesheet","type":"text/vnd.tiddlywiki"}}}