{"tiddlers":{"$:/plugins/linonetwo/open-in-external-app/ViewToolbarButton":{"title":"$:/plugins/linonetwo/open-in-external-app/ViewToolbarButton","tags":"$:/tags/ViewToolbar","type":"text/vnd.tiddlywiki","list-before":"$:/core/ui/Buttons/close","caption":"{{$:/core/images/open-window}} {{$:/plugins/linonetwo/open-in-external-app/button-caption}}","short-caption":"Open external","description":"Open tiddler in external app","text":"\\whitespace trim\n<$button tooltip={{!!description}} aria-label={{$:/plugins/linonetwo/open-in-external-app/button-caption}} class=<<tv-config-toolbar-class>>>\n<$action-sendmessage $message=\"tm-open-in-external-app\" title=<<currentTiddler>> />\n<$list filter=\"[<tv-config-toolbar-icons>match[yes]]\">\n{{$:/core/images/open-window}}\n</$list>\n<$list filter=\"[<tv-config-toolbar-text>match[yes]]\">\n<span class=\"tc-btn-text\">\n<$text text={{$:/plugins/linonetwo/open-in-external-app/button-caption}}/>\n</span>\n</$list>\n</$button>"},"$:/plugins/linonetwo/open-in-external-app/button-caption":{"title":"$:/plugins/linonetwo/open-in-external-app/button-caption","type":"text/vnd.tiddlywiki","text":"Open External"},"$:/plugins/linonetwo/open-in-external-app/listener":{"title":"$:/plugins/linonetwo/open-in-external-app/listener","text":"// Listen for the tm-home message\nexports.startup = function () {\n  if ($tw.browser) {\n    $tw.rootWidget.addEventListener('tm-open-in-external-app', async function (event) {\n      let title = '';\n      if (typeof event.param === 'string') {\n        // for button usage\n        title = event.param;\n      } else if (typeof event.paramObject === 'object') {\n        // Get the specified additional fields, for message usage\n        additionalFields = event.paramObject;\n        if (additionalFields && additionalFields.title) {\n          title = additionalFields.title;\n        }\n      }\n      await window?.service?.wiki?.openTiddlerInExternal?.(title);\n    });\n\n    $tw.rootWidget.addEventListener('tm-open-path', async function (event) {\n      let filePath = '';\n      if (typeof event.param === 'string') {\n        // for button usage\n        filePath = event.param;\n      } else if (typeof event.paramObject === 'object') {\n        // Get the specified additional fields, for message usage\n        additionalFields = event.paramObject;\n        if (additionalFields && additionalFields.filePath) {\n          filePath = additionalFields.filePath;\n        }\n      }\n      await window?.service?.native?.openPath?.(filePath);\n    });\n  }\n};\n","type":"application/javascript","module-type":"startup"},"$:/plugins/linonetwo/open-in-external-app/readme":{"title":"$:/plugins/linonetwo/open-in-external-app/readme","type":"text/vnd.tiddlywiki","text":"!! Basic Usage\n\nAfter you import a PDF or image file into your wiki, you can open that tiddler, and click on the button to open that file in external PDF viewer or image reader.\n\nNote that if you use this to open a `.tid` or `.md` file, and edit it, things won't change in the wiki, because the tiddlywiki currently doesn't reload changed files from the disk.\n\n!! Message usage\n\nYou can use `param` or `$param` to passing the parameter. Or use `title` in `tm-open-in-external-app` and `filePath` in `tm-open-path`.\n\n!!! tm-open-in-external-app\n\n```tw5\n<$button message=\"tm-open-in-external-app\" param=\"SomePDFTiddlerTitle\">Open that PDF</$button>\n```\n\n```tw5\n<$button>\n  <$action-sendmessage $message=\"tm-open-in-external-app\" title=\"SomePDFTiddlerTitle\" />\n  Open that PDF with tiddler title\n</$button>\n```\n\n!!! tm-open-path\n\nYou can use absolute path:\n\n```tw5\n<$button message=\"tm-open-path\" param=\"SomePDF/File/Absolute/Path\">Open that PDF</$button>\n```\n\nOr use relative path from the current wiki folder (that contains the `tiddlers` folder and `tiddler.info` file).\n\n```tw5\n<$button>\n  <$action-sendmessage $message=\"tm-open-path\" filePath=\"tiddlers/File/relative/Path/from/Wiki/Folder\" />\n  Open that PDF with filePath\n</$button>\n```\n\nTry this to open the info file:\n\n<$button>\n  <$action-sendmessage $message=\"tm-open-path\" filePath=\"tiddlywiki.info\" />\n  Open tiddlywiki.info\n</$button>\n"},"$:/plugins/linonetwo/zx-script/zx-icon":{"title":"$:/plugins/linonetwo/zx-script/zx-icon","tags":"$:/tags/Image","text":"<svg width=\"22pt\" height=\"22pt\" class=\"tc-image-zx-script tc-image-button\" xmlns=\"http://www.w3.org/2000/svg\" xmlns:xlink=\"http://www.w3.org/1999/xlink\" version=\"1.1\" x=\"0px\" y=\"0px\" viewBox=\"0 0 100 90.25\"><path d=\"M93.103,83.904c0,0,1.708-1.634,3.242,0c1.535,1.634,0.322,2.203-0.223,2.426c-0.544,0.223-2.623,0.446-3.341-0.197 S92.635,84.248,93.103,83.904z\"></path><path d=\"M89.241,79.622c0,0,3.144-3.021,4.827-0.842c1.683,2.178,1.312,3.021-1.486,3.614c-2.796,0.595-3.861,1.263-5.37,0.595 c-1.511-0.669-2.005-2.13,0.495-2.724C89.241,79.622,89.241,79.622,89.241,79.622z\"></path><path d=\"M83.598,73.087c0.074-0.123,2.772-2.054,4.802-1.782c2.03,0.272,3.045,1.46,3.688,2.476s0.247,2.476-1.708,3.095 c-1.955,0.618-4.184,1.633-5.272,2.376c-1.089,0.742-2.302,0.989-3.317,0.42c-1.014-0.569-3.144-0.668-3.837-2.426 c-0.692-1.757,1.238-1.731,1.882-2.128S83.598,73.087,83.598,73.087z\"></path><path d=\"M74.191,66.429c0,0,4.554-3.218,7.476-3.664c2.921-0.445,4.652,0.99,5.891,2.625c1.237,1.633,2.438,4.059-1.603,5 c-4.041,0.94-5.328,2.029-6.17,2.524c-0.841,0.494-3.861,2.178-5.841,2.079c-1.98-0.099-4.803-1.089-5.842-1.881 c-1.04-0.792-2.872-1.733,0-3.268c2.871-1.535,4.059-2.277,4.059-2.277L74.191,66.429z\"></path><path d=\"M68.828,53.541c0,0,5.742-3.497,8.978-3.564c3.234-0.066,3.894,0.396,4.884,2.508c0.99,2.114,2.399,4.555,2.399,4.555 s0.636,2.708-2.796,3.631c-3.431,0.925-8.05,3.563-10.164,4.488c-2.113,0.925-6.206,4.818-11.024,4.753 c-4.817-0.065-8.978-1.518-10.297-3.894c-1.32-2.377,0.726-3.895,2.574-3.961c1.849-0.067,7.591-3.696,8.977-4.29 C63.746,57.173,68.828,53.541,68.828,53.541z\"></path><path d=\"M51.203,40.271l8.581-3.563c0,0,6.206-1.979,8.714-1.451c2.508,0.527,5.741,2.376,6.864,3.96s2.398,6.006,2.288,7.063 s-5.918,3.17-8.162,4.226c-2.245,1.056-13.004,6.007-14.588,7.128c-1.584,1.122-10.033,3.299-12.739,3.036 c-2.707-0.263-9.308-2.772-10.628-4.555s-3.367-3.763-0.99-4.95c2.376-1.188,6.138-2.573,8.118-3.828 C40.643,46.082,51.203,40.271,51.203,40.271z\"></path><path d=\"M28.894,11.229c0,0,14.158-0.198,16.535,0c2.376,0.198,13.367,0.495,16.139,2.277s5.941,5.644,7.128,8.614 c1.188,2.97,2.675,7.525,0,8.713c-2.673,1.188-14.06,5.743-17.425,7.624c-3.367,1.881-16.734,6.832-18.714,7.822 c-1.98,0.99-10.396,5.897-14.654,3.691c-4.258-2.205-7.525-11.91-7.921-14.384c0,0-2.475-5.743-2.673-15.644 c0,0-0.297-2.674-1.881-6.832c-1.584-4.159-3.07-6.436-3.07-6.436S0.675,0.833,4.041,2.516c3.366,1.683,2.818,2.161,6.237,3.564 c3.862,1.584,10,3.367,10.595,3.564C21.467,9.843,28.894,11.229,28.894,11.229z\"></path></svg>"}}}