{
    "tiddlers": {
        "$:/plugins/felixhayashi/hotzone/config.js": {
            "title": "$:/plugins/felixhayashi/hotzone/config.js",
            "text": "/*\\\n\ntitle: $:/plugins/felixhayashi/hotzone/config.js\ntype: application/javascript\nmodule-type: library\n\n@preserve\n\n\\*/\n(function(){\"use strict\";exports.config={classNames:{storyRiver:\"tc-story-river\",tiddlerFrame:\"tc-tiddler-frame\",tiddlerTitle:\"tc-title\"},references:{userConfig:\"$:/config/hotzone/focusOffset\",focussedTiddlerStore:\"$:/temp/focussedTiddler\"},checkbackTime:$tw.utils.getAnimationDuration()}})();",
            "type": "application/javascript",
            "module-type": "library"
        },
        "$:/plugins/felixhayashi/hotzone/hotzone.js": {
            "title": "$:/plugins/felixhayashi/hotzone/hotzone.js",
            "text": "/*\\\n\ntitle: $:/plugins/felixhayashi/hotzone/hotzone.js\ntype: application/javascript\nmodule-type: startup\n\n@preserve\n\n\\*/\n(function(){\"use strict\";exports.name=\"hotzone\";exports.platforms=[\"browser\"];exports.after=[\"story\"];exports.synchronous=true;exports.startup=function(){var t=require(\"$:/plugins/felixhayashi/hotzone/config.js\").config;var e=null;var i=document.getElementsByClassName(t.classNames.storyRiver)[0];var r=$tw.wiki.getTiddlerData(t.references.userConfig,{});var s=isNaN(parseInt(r.focusOffset))?150:parseInt(r.focusOffset);var a=function(e,i,r){if(!(e instanceof Element))return;if(!$tw.utils.hasClass(e,t.classNames.tiddlerFrame))return;var s=e.getElementsByClassName(t.classNames.tiddlerTitle)[0];if(s){var a=s.innerText||s.textContent;return a.trim()}};var n=function(e,i){$tw.wiki.addTiddler(new $tw.Tiddler({title:t.references.focussedTiddlerStore,text:e},$tw.wiki.getModificationFields()));if(i){var r=document.getElementsByClassName(\"hzone-focus\")[0];if(r){$tw.utils.removeClass(r,\"hzone-focus\")}$tw.utils.addClass(i,\"hzone-focus\")}};var l=function(){var r=$tw.wiki.getTiddler(\"$:/StoryList\");if(r&&r.fields.list.length){var l=null;var o=Number.MAX_VALUE;var f=i.children;var u=t.classNames.tiddlerFrame;for(var d=f.length;d--;){if($tw.utils.hasClass(f[d],u)){var c=f[d].getBoundingClientRect();var v=Math.min(Math.abs(s-c.top),Math.abs(s-c.bottom));if(v<o){l=f[d];o=v}}}var w=a(l);if(w!==e&&$tw.wiki.getTiddler(w)){e=w;n(e,l);return}}else if(e){e=\"\";n(e)}};var o=function(t){var e;var i=false;return function(r,s){var a=this;if(i&&!s){}else{i=s;if(e!=null){clearTimeout(e)}e=setTimeout((function(){e=null;i=false;t.apply(a)}),r)}}};var f=o(l);var u=function(t){if(t[\"$:/HistoryList\"]){if(!$tw.wiki.tiddlerExists(\"$:/HistoryList\"))return;var e=$tw.wiki.getTiddler(\"$:/HistoryList\").fields[\"current-tiddler\"];var i=$tw.wiki.getTiddlerList(\"$:/StoryList\");var r=i.indexOf(e)>=0;if(!r)return;f($tw.utils.getAnimationDuration()+10,true)}else if(t[\"$:/StoryList\"]){f($tw.utils.getAnimationDuration()+10,true)}};var d=function(t){f(300,false)};$tw.wiki.addEventListener(\"change\",u);window.addEventListener(\"scroll\",d,false);d()}})();",
            "type": "application/javascript",
            "module-type": "startup"
        },
        "$:/plugins/felixhayashi/hotzone/Configuration": {
            "title": "$:/plugins/felixhayashi/hotzone/Configuration",
            "text": "Please see the [[GitHub page|https://github.com/felixhayashi/TW5-HotZone]] for more information on the options.\n\nSave and reload the wiki to activate changes.\n\n<table>\n  <tr>\n    <th align=\"left\">Focus offset:</th>\n    <td><$edit-text tiddler=\"$:/config/hotzone/focusOffset\" tag=\"input\" default=\"71px\" /></td>\n  </tr>\n</table>"
        },
        "$:/temp/focussedTiddler": {
            "title": "$:/temp/focussedTiddler"
        },
        "$:/plugins/felixhayashi/hotzone/License": {
            "title": "$:/plugins/felixhayashi/hotzone/License",
            "text": "This code is released under the BSD license. For the exact terms visit:\n\nhttps://github.com/felixhayashi/TW5-HotZone/blob/master/LICENSE"
        },
        "$:/plugins/felixhayashi/hotzone/Readme": {
            "title": "$:/plugins/felixhayashi/hotzone/Readme",
            "text": "Please visit the [[GitHub page|https://github.com/felixhayashi/TW5-HotZone]] for more information."
        }
    }
}