{"tiddlers":{"$:/plugins/oflg/fishing-catchfish/license":{"title":"$:/plugins/oflg/fishing-catchfish/license","text":"MIT License\n\nCopyright (c) 2022 Guang Li\n\nPermission is hereby granted, free of charge, to any person obtaining a copy\nof this software and associated documentation files (the \"Software\"), to deal\nin the Software without restriction, including without limitation the rights\nto use, copy, modify, merge, publish, distribute, sublicense, and/or sell\ncopies of the Software, and to permit persons to whom the Software is\nfurnished to do so, subject to the following conditions:\n\nThe above copyright notice and this permission notice shall be included in all\ncopies or substantial portions of the Software.\n\nTHE SOFTWARE IS PROVIDED \"AS IS\", WITHOUT WARRANTY OF ANY KIND, EXPRESS OR\nIMPLIED, INCLUDING BUT NOT LIMITED TO THE WARRANTIES OF MERCHANTABILITY,\nFITNESS FOR A PARTICULAR PURPOSE AND NONINFRINGEMENT. IN NO EVENT SHALL THE\nAUTHORS OR COPYRIGHT HOLDERS BE LIABLE FOR ANY CLAIM, DAMAGES OR OTHER\nLIABILITY, WHETHER IN AN ACTION OF CONTRACT, TORT OR OTHERWISE, ARISING FROM,\nOUT OF OR IN CONNECTION WITH THE SOFTWARE OR THE USE OR OTHER DEALINGS IN THE\nSOFTWARE.\n","type":"text/vnd.tiddlywiki"},"$:/plugins/oflg/fishing-catchfish/readme":{"title":"$:/plugins/oflg/fishing-catchfish/readme","text":"Installation and usage tutorial is available at [[TiddlyMemo Manual|https://tiddlymemo.org/manual/#Fishing%20Catch%20Fish%20sub-plugin]].\n\n可在[[墨屉手册|https://tiddlymemo.org/manual/zh-Hans#摸鱼子插件]]查看安装使用教程。","type":"text/vnd.tiddlywiki"},"$:/plugins/oflg/fishing-catchfish/buttons/annotation/annotateword":{"title":"$:/plugins/oflg/fishing-catchfish/buttons/annotation/annotateword","tags":"$:/tags/Annotation","icon":"$:/core/images/help","caption":"{{$:/language/fishing/annotateword}}","description":"{{$:/language/fishing/annotatewordtip}}","condition":"[<selectionTrim>]","text":"<$action-createtiddler\n    $basetitle={{{ [{$:/language/fishing/annotateword}addsuffix[/]addsuffix<selectionTrim>] }}}\n    tags=\"?\"\n    caption=\"{{||Word}}\"\n    word=<<selectionTrim>>\n    priority={{{ [<sourceTiddler>get[priority]else[0]] }}}\n>\n    <$action-learn\n        $tiddler=<<createTiddler-title>>\n        $grade=\"-1\"\n    />\n</$action-createtiddler>"},"$:/plugins/oflg/fishing-catchfish/buttons/annotation/excerptsentence":{"title":"$:/plugins/oflg/fishing-catchfish/buttons/annotation/excerptsentence","tags":"$:/tags/Annotation","icon":"$:/core/images/add-comment","caption":"{{$:/language/fishing/excerptsentence}}","description":"{{$:/language/fishing/excerptsentencetip}}","condition":"[<selectionTrim>]","text":"<$action-createtiddler\n    $basetitle={{{ [<sourceTiddler>addsuffix[/]addsuffix{$:/language/fishing/excerptsentence}] }}}\n    tags={{{ [<sourceTiddler>format:titlelist[]addsuffix[ ?]] }}}\n    text=<<selectionText>>\n    caption=\"{{||Excerpt}}\"\n    priority={{{ [<sourceTiddler>get[priority]else[0]] }}}\n    interval={{$:/config/FishingCatchfish/requestInterval}}\n    due={{{ [{$:/config/FishingCatchfish/requestInterval}due[]] }}}\n    review=<<now \"[UTC]YYYY0MM0DD0hh0mm0ssXXX\">>\n    annotate-text=<<selectionText>>\n    annotate-prefix=<<selectionPrefix>>\n    annotate-suffix=<<selectionSuffix>>\n    annotate-colour=\"LightSkyBlue\"\n    annotate-blend-mode={{$:/config/FishingCatchfish/excerptColorPattern}}\n/>"},"$:/plugins/oflg/fishing-catchfish/buttons/editortoolbar/setcloze":{"title":"$:/plugins/oflg/fishing-catchfish/buttons/editortoolbar/setcloze","tags":"$:/tags/EditorToolbar","icon":"$:/plugins/oflg/fishing-catchfish/icons/setcloze","caption":"{{$:/language/fishing/setcloze}}","description":"{{$:/language/fishing/setclozetip}}","condition":"[<targetTiddler>]","shortcuts":"((fishing-setcloze))","text":"\\define tv-action-refresh-policy() always\n\n<$action-sendmessage\n    $message=\"tm-edit-text-operation\"\n    $param=\"save-selection\"\n    tiddler=\"$:/temp/fishing\"\n    field=\"save-selection\"\n/>\n\n<$list\n    filter=\"[<targetTiddler>]\"\n>\n    <$navigator\n        story=\"$:/StoryList\"\n        history=\"$:/HistoryList\"\n        relinkOnRename=\"yes\"\n    >\n        <$fieldmangler>\n            <$action-sendmessage\n                $message=\"tm-add-tag\"\n                $param=\"?\"\n            />\n            <$action-setfield\n                $tiddler=<<targetTiddler>>\n                draft.title={{{ [{$:/temp/fishing!!save-selection}search-replace:g:regexp[\\n],[<br>]!is[blank]] ~[<targetTiddler>get[draft.title]] }}}\n                caption=\"{{||Cloze}}\"\n            />\n        </$fieldmangler>\n    </$navigator>\n</$list>"},"$:/plugins/oflg/fishing-catchfish/buttons/editortoolbar/setexcerpt":{"title":"$:/plugins/oflg/fishing-catchfish/buttons/editortoolbar/setexcerpt","tags":"$:/tags/EditorToolbar","icon":"$:/plugins/oflg/fishing-catchfish/icons/setexcerpt","caption":"{{$:/language/fishing/setexcerpt}}","description":"{{$:/language/fishing/setexcerpttip}}","condition":"[<targetTiddler>!has[due]]","shortcuts":"((fishing-setexcerpt))","text":"\\define tv-action-refresh-policy() always\n\n<$action-sendmessage\n    $message=\"tm-edit-text-operation\"\n    $param=\"save-selection\"\n    tiddler=\"$:/temp/fishing\"\n    field=\"save-selection\"\n/>\n\n<$list\n    filter=\"[<targetTiddler>]\"\n>\n    <$navigator\n        story=\"$:/StoryList\"\n        history=\"$:/HistoryList\"\n        relinkOnRename=\"yes\"\n    >\n        <$fieldmangler>\n            <$action-sendmessage\n                $message=\"tm-add-tag\"\n                $param=\"?\"\n            />\n            <$action-setfield\n                draft.title={{{ [{$:/temp/fishing!!save-selection}search-replace:g:regexp[\\n],[<br>]!is[blank]] ~[<targetTiddler>get[draft.title]] }}}\n                interval={{$:/plugins/oflg/fishing-catchfish/data!!requestInterval}}\n                due={{{ [{$:/plugins/oflg/fishing-catchfish/data!!requestInterval}due[]] }}}\n                caption=\"{{||Excerpt}}\"\n            />\n        </$fieldmangler>\n    </$navigator>\n</$list>"},"$:/plugins/oflg/fishing-catchfish/buttons/editortoolbar/setquestion":{"title":"$:/plugins/oflg/fishing-catchfish/buttons/editortoolbar/setquestion","tags":"$:/tags/EditorToolbar","icon":"$:/plugins/oflg/fishing-catchfish/icons/setquestion","caption":"{{$:/language/fishing/setquestion}}","description":"{{$:/language/fishing/setquestiontip}}","condition":"[<targetTiddler>]","shortcuts":"((fishing-setquestion))","text":"\\define tv-action-refresh-policy() always\n\n<$action-sendmessage\n    $message=\"tm-edit-text-operation\"\n    $param=\"save-selection\"\n    tiddler=\"$:/temp/fishing\"\n    field=\"save-selection\"\n/>\n\n<$list\n    filter=\"[<targetTiddler>]\"\n>\n    <$navigator\n        story=\"$:/StoryList\"\n        history=\"$:/HistoryList\"\n        relinkOnRename=\"yes\"\n    >\n        <$fieldmangler>\n            <$action-sendmessage\n                $message=\"tm-add-tag\"\n                $param=\"?\"\n            />\n            <$action-setfield\n                $tiddler=<<targetTiddler>>\n                draft.title={{{ [{$:/temp/fishing!!save-selection}search-replace:g:regexp[\\n],[<br>]!is[blank]] ~[<targetTiddler>get[draft.title]] }}}\n                caption=\"{{||Question}}\"\n            />\n        </$fieldmangler>\n    </$navigator>\n</$list>"},"$:/plugins/oflg/fishing-catchfish/buttons/editortoolbar/setselect":{"title":"$:/plugins/oflg/fishing-catchfish/buttons/editortoolbar/setselect","tags":"$:/tags/EditorToolbar","icon":"$:/plugins/oflg/fishing-catchfish/icons/setselect","caption":"{{$:/language/fishing/setselect}}","description":"{{$:/language/fishing/setselecttip}}","condition":"[<targetTiddler>]","shortcuts":"((fishing-setselect))","text":"\\define tv-action-refresh-policy() always\n\n<$action-sendmessage\n    $message=\"tm-edit-text-operation\"\n    $param=\"save-selection\"\n    tiddler=\"$:/temp/fishing\"\n    field=\"save-selection\"\n/>\n\n<$list\n    filter=\"[<targetTiddler>]\"\n>\n    <$navigator\n        story=\"$:/StoryList\"\n        history=\"$:/HistoryList\"\n        relinkOnRename=\"yes\"\n    >\n        <$fieldmangler>\n            <$action-sendmessage\n                $message=\"tm-add-tag\"\n                $param=\"?\"\n            />\n            <$action-setfield\n                $tiddler=<<targetTiddler>>\n                draft.title={{{ [{$:/temp/fishing!!save-selection}search-replace:g:regexp[\\n],[<br>]!is[blank]] ~[<targetTiddler>get[draft.title]] }}}\n                caption=\"{{||Select}}\"\n            />\n        </$fieldmangler>\n    </$navigator>\n</$list>"},"$:/plugins/oflg/fishing/buttons/fishingrod/import":{"title":"$:/plugins/oflg/fishing/buttons/fishingrod/import","tags":"$:/tags/FishingGrod","list-after":"$:/plugins/oflg/fishing/buttons/fishingrod/commonfilter","popup":"$:/plugins/oflg/fishing/buttons/fishingrod/popup/import","icon":"$:/core/images/import-button","description":"{{$:/language/fishing/importtip}}","condition":"[all[shadows+tiddlers]tag[$:/tags/FishingBait]!is[draft]first[]]","button-classes":"fishingrod-button","text":""},"$:/plugins/oflg/fishing/buttons/fishingrod/popup/import":{"title":"$:/plugins/oflg/fishing/buttons/fishingrod/popup/import","text":"<div\n    style=\"min-width:0;font-size:10pt;\"\n>\n    <$list filter=\"[all[shadows+tiddlers]tag[$:/tags/FishingBait]!is[draft]]\">\n        <$transclude\n            tiddler=\"$:/plugins/oflg/fishing/ui/ViewTemplate/fishing/button\"\n            mode=\"inline\"\n        />\n    </$list>\n</div>"},"$:/plugins/oflg/fishing-catchfish/icon":{"title":"$:/plugins/oflg/fishing-catchfish/icon","tags":"$:/tags/Image","text":"<svg width=\"22pt\" height=\"22pt\" class=\"tc-image-home-button tc-image-button\" viewBox=\"0 0 128 128\" version=\"1.1\" xmlns:xlink=\"http://www.w3.org/1999/xlink\" xmlns=\"http://www.w3.org/2000/svg\">\n    <g id=\"catchfish\">\n        <g id=\"hand\" transform=\"translate(48.17978 0.0008544922)\">\n            <path d=\"M8.58094 41.6738C5.26937 46.3612 4.16551 53.1123 2.40574 58.5516C0.83794 63.399 -2.55362 70.0701 3.31762 73.3497C8.77292 76.3893 12.1965 71.5899 13.5083 66.6786C20.4994 70.0221 23.1551 62.4071 23.427 56.7119C23.507 54.9681 23.475 53.2083 23.363 51.4645C23.1871 48.5049 25.2348 48.6489 27.8905 48.6489C30.4021 48.6489 32.5459 49.4168 32.4659 52.3284C32.2739 59.1435 26.3867 64.9348 27.3785 71.8779C27.9065 75.5254 30.9141 77.2212 34.3056 76.6933C37.7292 76.1654 39.7449 71.8619 41.1848 69.0943C44.8323 62.0712 48.6238 55.1441 52.3513 48.185C55.3909 42.4897 57.8386 33.9788 63.7419 30.7792C66.8935 29.0674 70.413 28.1555 73.6926 26.7637C78.156 24.8759 79.4678 23.9801 79.1799 18.9087C78.8439 12.8935 77.5161 5.07049 72.4128 1.24698C68.0293 -2.0326 59.5984 2.03088 55.071 3.47069C48.6078 5.53443 42.1286 7.3422 35.5855 9.08597C31.634 10.1418 20.8194 11.6616 20.0195 16.701C19.8755 17.8209 19.8275 18.9567 19.8915 20.0926C19.9395 22.5722 18.3077 22.2043 16.3559 23.1482C14.3082 24.14 14.4362 28.4915 14.3402 30.4432C14.5482 31.1951 14.1162 31.5631 13.0764 31.5151C11.7006 32.139 11.2686 34.0268 11.0926 35.3866C10.9326 36.7304 10.9806 38.0743 10.9966 39.4181C10.0208 39.946 9.22087 40.7619 8.58095 41.6738L8.58094 41.6738Z\" id=\"Shape\" fill-rule=\"evenodd\" stroke=\"none\" />\n            <path d=\"M28.9943 60.1674C29.6982 58.5516 30.3541 56.9998 30.7861 55.416L24.6109 50.5687C24.5629 50.7766 24.5469 51.0646 24.5629 51.4006C24.6749 53.3523 24.7069 55.0801 24.6269 56.6959L28.9943 60.1674L28.9943 60.1674Z\" id=\"Shape\" fill-rule=\"evenodd\" stroke=\"none\" />\n        </g>\n        <g id=\"fish\" transform=\"matrix(0.6691311 0.7431444 -0.7431444 0.6691311 44.081512 36.288685)\">\n            <path d=\"M68.3326 32.5673C68.3326 32.3654 68.1307 32.3654 68.1307 32.1636C71.5625 22.0701 70.5531 10.9674 61.469 3.90196C61.5903 3.49783 59.7531 -3.82929 57.8354 2.69074C57.8354 2.69074 57.8354 2.69074 57.8354 2.69074C57.6335 2.69074 57.6335 2.89261 57.4317 2.89261C48.7513 9.55428 41.8878 17.4272 38.8597 27.5206C38.6579 27.5206 38.2541 27.7225 38.0523 27.7225C33.4093 30.3468 29.3719 34.586 28.9682 40.0365C28.7663 41.6514 30.5831 42.0551 31.7943 41.6514C33.4093 40.8439 35.0242 40.4402 36.6392 40.0365C35.6298 45.8907 33.4093 51.543 27.5551 47.5056C24.1233 45.285 22.3065 40.2383 21.7009 36.6047C21.499 34.9897 19.0766 33.7785 18.2691 35.5953C17.0579 38.6234 16.2504 41.8533 16.0486 44.8813C11.6075 45.0832 6.157 41.0458 2.72523 38.8252C1.71588 38.2196 0.706542 38.6234 0.302802 39.6327C-0.100934 40.2383 -0.100934 40.8439 0.302802 41.4495C4.74391 48.1112 11.0018 54.571 18.471 57.3972C29.3719 61.8383 43.099 58.0028 52.5868 51.7448C53.9999 50.7355 55.413 49.7262 56.6242 48.5149C59.0466 48.3131 61.469 49.7262 62.8821 51.7448C63.4877 52.5523 64.4971 52.9561 65.3045 52.3504L65.9101 51.7448C69.7457 46.2944 71.5625 38.8252 68.3326 32.5673L68.3326 32.5673Z\" id=\"Shape\" fill-rule=\"evenodd\" stroke=\"none\" />\n            <path d=\"M33.6112 37.0084C34.6205 35.1916 36.0336 33.5767 37.6485 32.3654C37.4467 33.3748 37.2448 34.7879 37.2448 36.201L36.8411 36.201C35.8317 36.4028 34.8224 36.6047 33.6112 37.0084L33.6112 37.0084ZM64.4971 47.9094C63.2859 46.9 61.8728 46.0925 60.2578 45.6888C62.4784 43.0645 64.4971 40.2383 65.9102 37.2103C66.9195 40.6421 65.9102 44.4776 64.4971 47.9094L64.4971 47.9094Z\" id=\"Shape\" fill-rule=\"evenodd\" stroke=\"none\" />\n        </g>\n    </g>\n</svg>"},"$:/plugins/oflg/fishing-catchfish/icons/setcloze":{"title":"$:/plugins/oflg/fishing-catchfish/icons/setcloze","tags":"$:/tags/Image","text":"<svg\n  width=\"22pt\"\n  height=\"22pt\"\n  viewBox=\"0 0 128 128\"\n  xmlns=\"http://www.w3.org/2000/svg\"\n  class=\"tc-image-bold tc-image-button\"\n>\n  <g>\n    <text\n      transform=\"matrix(2.56467, 0, 0, 6.78366, -70.4793, -361.722)\"\n      font-weight=\"bold\"\n      xml:space=\"preserve\"\n      text-anchor=\"start\"\n      font-size=\"24\"\n      id=\"svg_5\"\n      y=\"71.27162\"\n      x=\"26.8242\"\n      stroke-width=\"0\"\n      >\n        →\n      </text>\n    <text\n      transform=\"matrix(3.88287, 0, 0, 6.21184, -350.205, -233.081)\"\n      font-weight=\"bold\"\n      xml:space=\"preserve\"\n      text-anchor=\"start\"\n      font-size=\"24\"\n      y=\"56.16649\"\n      x=\"106.39803\"\n      stroke-width=\"0\"\n      id=\"svg_2\"\n    >\n      C\n    </text>\n  </g>\n</svg>"},"$:/plugins/oflg/fishing-catchfish/icons/setexcerpt":{"title":"$:/plugins/oflg/fishing-catchfish/icons/setexcerpt","tags":"$:/tags/Image","text":"<svg\n  width=\"22pt\"\n  height=\"22pt\"\n  viewBox=\"0 0 128 128\"\n  xmlns=\"http://www.w3.org/2000/svg\"\n  class=\"tc-image-bold tc-image-button\"\n>\n  <g>\n    <text\n      transform=\"matrix(2.56467, 0, 0, 6.78366, -70.4793, -361.722)\"\n      font-weight=\"bold\"\n      xml:space=\"preserve\"\n      text-anchor=\"start\"\n      font-size=\"24\"\n      id=\"svg_5\"\n      y=\"71.27162\"\n      x=\"26.8242\"\n      stroke-width=\"0\"\n      >\n        →\n      </text>\n    <text\n      transform=\"matrix(3.88287, 0, 0, 6.21184, -350.205, -233.081)\"\n      font-weight=\"bold\"\n      xml:space=\"preserve\"\n      text-anchor=\"start\"\n      font-size=\"24\"\n      y=\"56.16649\"\n      x=\"106.39803\"\n      stroke-width=\"0\"\n      id=\"svg_2\"\n    >\n      X\n    </text>\n  </g>\n</svg>"},"$:/plugins/oflg/fishing-catchfish/icons/setquestion":{"title":"$:/plugins/oflg/fishing-catchfish/icons/setquestion","tags":"$:/tags/Image","text":"<svg\n  width=\"22pt\"\n  height=\"22pt\"\n  viewBox=\"0 0 128 128\"\n  xmlns=\"http://www.w3.org/2000/svg\"\n  class=\"tc-image-bold tc-image-button\"\n>\n  <g>\n    <text\n      transform=\"matrix(2.56467, 0, 0, 6.78366, -70.4793, -361.722)\"\n      font-weight=\"bold\"\n      xml:space=\"preserve\"\n      text-anchor=\"start\"\n      font-size=\"24\"\n      id=\"svg_5\"\n      y=\"71.27162\"\n      x=\"26.8242\"\n      stroke-width=\"0\"\n      >\n        →\n      </text>\n    <text\n      transform=\"matrix(3.88287, 0, 0, 6.21184, -350.205, -233.081)\"\n      font-weight=\"bold\"\n      xml:space=\"preserve\"\n      text-anchor=\"start\"\n      font-size=\"24\"\n      y=\"56.16649\"\n      x=\"106.39803\"\n      stroke-width=\"0\"\n      id=\"svg_2\"\n    >\n      Q\n    </text>\n  </g>\n</svg>"},"$:/plugins/oflg/fishing-catchfish/icons/setselect":{"title":"$:/plugins/oflg/fishing-catchfish/icons/setselect","tags":"$:/tags/Image","text":"<svg\n  width=\"22pt\"\n  height=\"22pt\"\n  viewBox=\"0 0 128 128\"\n  xmlns=\"http://www.w3.org/2000/svg\"\n  class=\"tc-image-bold tc-image-button\"\n>\n  <g>\n    <text\n      transform=\"matrix(2.56467, 0, 0, 6.78366, -70.4793, -361.722)\"\n      font-weight=\"bold\"\n      xml:space=\"preserve\"\n      text-anchor=\"start\"\n      font-size=\"24\"\n      id=\"svg_5\"\n      y=\"71.27162\"\n      x=\"26.8242\"\n      stroke-width=\"0\"\n      >\n        →\n      </text>\n    <text\n      transform=\"matrix(3.88287, 0, 0, 6.21184, -350.205, -233.081)\"\n      font-weight=\"bold\"\n      xml:space=\"preserve\"\n      text-anchor=\"start\"\n      font-size=\"24\"\n      y=\"56.16649\"\n      x=\"106.39803\"\n      stroke-width=\"0\"\n      id=\"svg_2\"\n    >\n      S\n    </text>\n  </g>\n</svg>"},"$:/language/fishing/annotate":{"title":"$:/language/fishing/annotate","text":"Annotation"},"$:/language/fishing/annotateword":{"title":"$:/language/fishing/annotateword","text":"Annotate word"},"$:/language/fishing/annotatewordtip":{"title":"$:/language/fishing/annotatewordtip","text":"Annotate the selected word"},"$:/language/fishing/excerptsentence":{"title":"$:/language/fishing/excerptsentence","text":"Excerpt sentence"},"$:/language/fishing/excerptsentencetip":{"title":"$:/language/fishing/excerptsentencetip","text":"Excerpt the selected sentence"},"$:/language/fishing/setexcerpt":{"title":"$:/language/fishing/setexcerpt","text":"Set as Excerpt Tiddler"},"$:/language/fishing/setexcerpttip":{"title":"$:/language/fishing/setexcerpttip","text":"Set this tiddler as Excerpt Tiddler and the selected text as it's title"},"$:/language/fishing/setquestion":{"title":"$:/language/fishing/setquestion","text":"Set as Q&A Question Tiddler"},"$:/language/fishing/setquestiontip":{"title":"$:/language/fishing/setquestiontip","text":"Set this tiddler as Q&A Question Tiddler and the selected text as it's title"},"$:/language/fishing/setcloze":{"title":"$:/language/fishing/setcloze","text":"Set as Cloze Question Tiddler"},"$:/language/fishing/setclozetip":{"title":"$:/language/fishing/setclozetip","text":"Set this tiddler as Cloze Question Tiddler and the selected text as it's title"},"$:/language/fishing/setselect":{"title":"$:/language/fishing/setselect","text":"Set as Select Question Tiddler"},"$:/language/fishing/setselecttip":{"title":"$:/language/fishing/setselecttip","text":"Set this tiddler as Select Question Tiddler and the selected text as it's title"},"$:/language/fishing/catchfishsettings":{"title":"$:/language/fishing/catchfishsettings","text":"Catchfish"},"$:/language/fishing/setparameter":{"title":"$:/language/fishing/setparameter","text":"Parameter"},"$:/language/fishing/setinterval":{"title":"$:/language/fishing/setinterval","text":"Initial interval day of Excerpt Tiddlers"},"$:/language/fishing/setintervaltip":{"title":"$:/language/fishing/setintervaltip","text":"Must be a positive integer"},"$:/language/fishing/importtip":{"title":"$:/language/fishing/importtip","text":"Import learning materials"},"$:/language/fishing/colorpattern":{"title":"$:/language/fishing/colorpattern","text":"Color pattern of excerpt sentence"},"$:/language/fishing/multiply":{"title":"$:/language/fishing/multiply","text":"mix"},"$:/language/fishing/normal":{"title":"$:/language/fishing/normal","text":"cover"},"$:/language/fishing/urlfilter":{"title":"$:/language/fishing/urlfilter","text":"URL of Word template"},"$:/language/fishing/setbodytip":{"title":"$:/language/fishing/setbodytip","text":"Condition for showing annotation of a tiddler."},"$:/plugins/oflg/fishing-catchfish/styles.css":{"title":"$:/plugins/oflg/fishing-catchfish/styles.css","tags":"$:/tags/Stylesheet","text":"\\rules only filteredtranscludeinline transcludeinline macrodef macrocallinline\n\n.annotation-wrapper {\n    min-width: 500px;\n    transform: scale(0.7);\n    transform-origin: top left;\n    margin: 15px 0;\n    padding: 10px;\n    overflow-y:hidden;\n    user-select:none;\n}\n\nbutton.tc-tag-label, span.tc-tag-label {\n    white-space: normal;\n}\n\n.tc-fish-title{\n    font-size: {{$:/themes/tiddlywiki/vanilla/metrics/bodyfontsize}};\n    line-height: {{$:/themes/tiddlywiki/vanilla/metrics/bodylineheight}};\n}"},"$:/config/FishingFilter/annotation":{"title":"$:/config/FishingFilter/annotation","tags":"$:/tags/FishingFilter/annotation","text":"[<currentTiddler>tag[?]]\n[<currentTiddler>tag[!]]\n[list[$:/temp/fishing]match<currentTiddler>]"},"$:/config/FishingFilter/Caption/catchfish":{"title":"$:/config/FishingFilter/Caption/catchfish","tags":"$:/tags/FishingFilter/caption","text":"[<currentTiddler>tag[?]]\n[<currentTiddler>tag[!]]\n[list[$:/temp/fishing]match<currentTiddler>]\n[<currentTiddler>has[annotate-text]]\n[<currentTiddler>has[word]]"},"$:/config/FishingFilter/Learning/catchfish":{"title":"$:/config/FishingFilter/Learning/catchfish","tags":"$:/tags/FishingFilter/learning","text":"[{$:/temp/fishing/excerpt}match{!!annotate-text}]\n[{$:/temp/fishing/selection}trim[]match{!!word}]\n[{$:/temp/fishing/selection}trim[]lowercase[]match{!!word}]\n+[!is[blank]then<currentTiddler>!tag[!]]\n-[<currentTiddler>sameday:review<now YYYY0MM0DD>]"},"$:/config/StoryTiddlerTemplateFilters/catchfish":{"title":"$:/config/StoryTiddlerTemplateFilters/catchfish","tags":"$:/tags/StoryTiddlerTemplateFilter","list-before":"$:/config/StoryTiddlerTemplateFilters/default","text":"[<currentTiddler>]\n:cascade[all[shadows+tiddlers]tag[$:/tags/FishingFilter/annotation]!is[draft]get[text]]\n+[!is[blank]limit[1]then[$:/plugins/oflg/fishing-catchfish/ui/ViewTemplate/tiddler]]"},"$:/config/EditTemplateFields/Visibility/annotate-text":{"title":"$:/config/EditTemplateFields/Visibility/annotate-text","text":"hide"},"$:/config/EditTemplateFields/Visibility/annotate-prefix":{"title":"$:/config/EditTemplateFields/Visibility/annotate-prefix","text":"hide"},"$:/config/EditTemplateFields/Visibility/annotate-suffix":{"title":"$:/config/EditTemplateFields/Visibility/annotate-suffix","text":"hide"},"$:/config/FishingCatchfish/annotateUrlFilter":{"title":"$:/config/FishingCatchfish/annotateUrlFilter","text":"[{!!word}encodeuricomponent[]addprefix[https://dict.youdao.com/recite/words/#!/dict/engchn?le=eng&q=]]"},"$:/core/ui/ControlPanel/Settings/Fishing/fishing-catchfish":{"title":"$:/core/ui/ControlPanel/Settings/Fishing/fishing-catchfish","caption":"{{$:/language/fishing/catchfishsettings}}","tags":"$:/tags/ControlPanel/Settings/Fishing","text":"!!!{{$:/language/fishing/setparameter}}\n\n|<$link to=\"$:/config/FishingCatchfish/requestInterval\">{{$:/language/fishing/setinterval}}</$link> |<$edit-text tiddler=\"$:/config/FishingCatchfish/requestInterval\" placeholder=\"1\" tag=\"input\"/><br/>@@color:red;font-size:10px;{{$:/language/fishing/setintervaltip}}@@ |\n\n!!!{{$:/language/ControlPanel/Cascades/Caption}}\n\n{{$:/language/fishing/setbodytip}}\n{{$:/tags/FishingFilter/annotation||$:/snippets/ListTaggedCascade}}\n\n!!!{{$:/language/fishing/annotate}}\n\n|<$link to=\"$:/config/FishingCatchfish/annotateUrlFilter\">{{$:/language/fishing/urlfilter}}</$link> |<$edit-text tiddler=\"$:/config/FishingCatchfish/annotateUrlFilter\" tag=\"textarea\" class=\"tc-edit-texteditor\"/> |\n|<$link to=\"$:/config/FishingCatchfish/excerptColorPattern\">{{$:/language/fishing/colorpattern}}</$link> |<$select tiddler=\"$:/config/FishingCatchfish/excerptColorPattern\" default=\"multiply\"><$list filter=\"[list[$:/config/FishingCatchfish/excerptColorPattern]]\" variable=\"mix-blend-mode\"><option value=<<mix-blend-mode>>><$text text={{{ [<mix-blend-mode>addprefix[$:/language/fishing/]get[text]] }}}></option></$list></$select> |\n\n"},"$:/config/FishingCatchfish/excerptColorPattern":{"title":"$:/config/FishingCatchfish/excerptColorPattern","list":"multiply normal","text":"multiply"},"$:/config/FishingCatchfish/requestInterval":{"title":"$:/config/FishingCatchfish/requestInterval","text":"1"},"$:/config/ShortcutInfo/fishing-setcloze":{"title":"$:/config/ShortcutInfo/fishing-setcloze","text":"{{$:/language/fishing/setcloze}}"},"$:/config/ShortcutInfo/fishing-setexcerpt":{"title":"$:/config/ShortcutInfo/fishing-setexcerpt","text":"{{$:/language/fishing/setexcerpt}}"},"$:/config/ShortcutInfo/fishing-setquestion":{"title":"$:/config/ShortcutInfo/fishing-setquestion","text":"{{$:/language/fishing/setquestion}}"},"$:/config/ShortcutInfo/fishing-setselect":{"title":"$:/config/ShortcutInfo/fishing-setselect","text":"{{$:/language/fishing/setselect}}"},"$:/config/shortcuts/fishing-setcloze":{"title":"$:/config/shortcuts/fishing-setcloze","text":"alt-shift-C"},"$:/config/shortcuts/fishing-setexcerpt":{"title":"$:/config/shortcuts/fishing-setexcerpt","text":"alt-shift-X"},"$:/config/shortcuts/fishing-setquestion":{"title":"$:/config/shortcuts/fishing-setquestion","text":"alt-shift-Q"},"$:/config/shortcuts/fishing-setselect":{"title":"$:/config/shortcuts/fishing-setselect","text":"alt-shift-S"},"Cloze":{"title":"Cloze","tags":"$:/tags/QuestionTemplate","code-body":"yes","text":"<div\n    class=\"tc-tiddler-body\"\n>\n    <$reveal\n        state=<<folded-state>>\n        type=\"nomatch\"\n        text=\"show\"\n        animate=\"yes\"\n    >\n        <$reveal\n            default={{{ [list[$:/temp/fishing]first[]] }}}\n            type=\"nomatch\"\n            text=<<currentTiddler>>\n            animate=\"yes\"\n        >\n            {{!!title}}\n        </$reveal>\n        <$reveal\n            default={{{ [list[$:/temp/fishing]first[]] }}}\n            type=\"match\"\n            text=<<currentTiddler>>\n            animate=\"yes\"\n        >\n            <$reveal\n                default={{{ [{!!title}split[__]count[]] }}}\n                type=\"gteq\"\n                text=\"3\"\n                animate=\"yes\"\n            >\n                <$list\n                    filter=\"[{!!title}split[__]]\"\n                    variable=\"titleitem\"\n                    counter=\"counter\"\n                >\n                    <$reveal\n                        default={{{ [<counter>remainder[2]] }}}\n                        type=\"nomatch\"\n                        text=\"0\"\n                    >\n                        <<titleitem>>\n                    </$reveal>\n                    <$reveal\n                        default={{{ [<counter>remainder[2]] }}}\n                        type=\"match\"\n                        text=\"0\"\n                    >\n                        <$let\n                            clozeid=<<counter>>\n                            clozecontent=<<titleitem>>\n                            clozecontent={{{ [[$:/temp/fishing]getindex<clozeid>match[show]then<titleitem>else[`    `]] }}}\n                        >\n                            <$button\n                                class=\"tc-btn-invisible tc-tiddlylink\"\n                            >\n                                <$action-setfield\n                                    $tiddler=\"$:/temp/fishing\"\n                                    $index=<<clozeid>>\n                                    $value={{{ [[$:/temp/fishing]getindex<clozeid>match[show]then[]else[show]] }}}\n                                />\n                                    <<clozecontent>>\n                            </$button>\n                        </$let>\n                    </$reveal>\n                </$list>\n            </$reveal>\n            <$reveal\n                default={{{ [{!!title}split[__]count[]] }}}\n                type=\"lt\"\n                text=\"3\"\n                animate=\"yes\"\n            >\n                {{!!title}}\n            </$reveal>\n        </$reveal>\n    </$reveal>\n    <$reveal\n        state=<<folded-state>>\n        type=\"match\"\n        text=\"show\"\n        animate=\"yes\"\n    >\n        {{!!title}}\n    </$reveal>\n</div>"},"Excerpt":{"title":"Excerpt","code-body":"yes","text":"{{{ [{!!title}split[/]last[]] }}}\n"},"Question":{"title":"Question","tags":"$:/tags/QuestionTemplate","code-body":"yes","text":"<div\n    class=\"tc-tiddler-body\"\n>\n    {{!!title}}\n    <$reveal\n        default={{{ [list[$:/temp/fishing]first[]] }}}\n        type=\"match\"\n        text=<<currentTiddler>>\n        animate=\"yes\"\n    >\n        <$edit\n            tiddler=\"$:/temp/fishing\"\n            placeholder={{$:/language/EditTemplate/Body/Placeholder}}\n            minHeight=\"15px\"\n            class=\"tc-edit-texteditor tc-edit-texteditor-body\"\n        >\n            <$set\n                value=<<currentTiddler>>\n                name=\"targetTiddler\"\n            >\n                <$list\n                    filter=\"[all[shadows+tiddlers]tag[$:/tags/EditorToolbar]!is[draft]]\"\n                >\n                    <$reveal\n                        type=\"nomatch\"\n                        state=<<config-visibility-title>>\n                        text=\"hide\"\n                        class=\"tc-text-editor-toolbar-item-wrapper\"\n                        style=\"display: none;\"\n                    >\n                        <$transclude\n                            tiddler=\"$:/core/ui/EditTemplate/body/toolbar/button\"\n                            mode=\"inline\"\n                        />\n                    </$reveal>\n                </$list>\n                <$list\n                    filter=\"[all[shadows+tiddlers]tag[$:/tags/EditorTools]!is[draft]]\"\n                >\n                    <$list\n                        filter={{!!condition}}\n                        variable=\"list-condition\"\n                    >\n                        <$transclude/>\n                    </$list>\n                </$list>\n            </$set>\n        </$edit>\n        <$reveal\n            default={{$:/temp/fishing}}\n            type=\"nomatch\"\n            text=\"\"\n            animate=\"yes\"\n        >\n            <$reveal\n                state=<<folded-state>>\n                type=\"match\"\n                text=\"show\"\n                animate=\"yes\"\n            >\n                <$diff-text\n                    source={{$:/temp/fishing}}\n                    dest={{!!text}}\n                />\n            </$reveal>\n        </$reveal>\n    </$reveal>\n</div>"},"Select":{"title":"Select","tags":"$:/tags/QuestionTemplate","code-body":"yes","text":"<div\n    class=\"tc-tiddler-body\"\n>\n    <$reveal\n        default={{{ [list[$:/temp/fishing]first[]] }}}\n        type=\"nomatch\"\n        text=<<currentTiddler>>\n        animate=\"yes\"\n    >\n        {{!!title}}\n    </$reveal>\n    <$reveal\n        default={{{ [list[$:/temp/fishing]first[]] }}}\n        type=\"match\"\n        text=<<currentTiddler>>\n        animate=\"yes\"\n    >\n        <$reveal\n            default={{{ [{!!title}split[__]count[]] }}}\n            type=\"gteq\"\n            text=\"3\"\n            animate=\"yes\"\n        >\n            <$list\n                filter=\"[{!!title}split[__]first[]]\"\n                variable=\"question\"\n            >\n                <<question>>\n            </$list>\n            <$list\n                filter=\"[{!!title}split[__]]\"\n                variable=\"titleitem\"\n                counter=\"counter\"\n            >\n                <$reveal\n                    default={{{ [<counter>remainder[2]] }}}\n                    type=\"match\"\n                    text=\"0\"\n                >\n                    <$let\n                        optionid={{{ [<counter>divide[2]] }}}\n                        optioncontent=<<titleitem>>\n                        selectid={{{ [{!!title}split[__]reverse[]first[]split[]count[]match[1]then[id]else<optionid>] }}}\n                    >\n                        <$reveal\n                            state=<<folded-state>>\n                            type=\"nomatch\"\n                            text=\"show\"\n                            animate=\"yes\"\n                        >\n\n                            <$reveal\n                                default={{{ [{!!title}split[__]reverse[]first[]split[]count[]] }}}\n                                type=\"lteq\"\n                                text=\"1\"\n                            >\n                                <$radio\n                                    tiddler=\"$:/temp/fishing\"\n                                    index=<<selectid>>\n                                    value=<<optionid>>\n                                    default=\"\"\n                                >\n                                    <<optioncontent>>\n                                </$radio>\n                            </$reveal>\n                            <$reveal\n                                default={{{ [{!!title}split[__]reverse[]first[]split[]count[]] }}}\n                                type=\"gt\"\n                                text=\"1\"\n                            >\n                                <$checkbox\n                                    tiddler=\"$:/temp/fishing\"\n                                    index=<<selectid>>\n                                    checked=<<optionid>>\n                                    unchecked=\"\"\n                                    default=\"\"\n                                >\n                                    <<optioncontent>>\n                                </$checkbox>\n                            </$reveal>\n                        </$reveal>\n                        <$reveal\n                            state=<<folded-state>>\n                            type=\"match\"\n                            text=\"show\"\n                            animate=\"yes\"\n                        >\n\n                            <$button\n                                disabled=\"yes\"\n                                class=\"tc-btn-invisible\"\n                            >\n                                <$reveal\n                                    default={{{ [{!!title}split[__]reverse[]first[]split[]search-replace[A],[1]search-replace[B],[2]search-replace[C],[3]search-replace[D],[4]search-replace[E],[5]search-replace[F],[6]search-replace[G],[7]search-replace[H],[8]search-replace[I],[9]match<optionid>then[1]else[0]] =[[$:/temp/fishing]getindex<selectid>match<optionid>then[1]else[0]] +[join[]] }}}\n                                    type=\"match\"\n                                    text=\"00\"\n                                    animate=\"yes\"\n                                >\n                                    {{$:/core/images/blank}}\n                                </$reveal>\n                                <$reveal\n                                    default={{{ [{!!title}split[__]reverse[]first[]split[]search-replace[A],[1]search-replace[B],[2]search-replace[C],[3]search-replace[D],[4]search-replace[E],[5]search-replace[F],[6]search-replace[G],[7]search-replace[H],[8]search-replace[I],[9]match<optionid>then[1]else[0]] =[[$:/temp/fishing]getindex<selectid>match<optionid>then[1]else[0]] +[join[]] }}}\n                                    type=\"match\"\n                                    text=\"01\"\n                                    animate=\"yes\"\n                                >\n                                    {{$:/core/images/close-button}}\n                                </$reveal>\n                                <$reveal\n                                    default={{{ [{!!title}split[__]reverse[]first[]split[]search-replace[A],[1]search-replace[B],[2]search-replace[C],[3]search-replace[D],[4]search-replace[E],[5]search-replace[F],[6]search-replace[G],[7]search-replace[H],[8]search-replace[I],[9]match<optionid>then[1]else[0]] =[[$:/temp/fishing]getindex<selectid>match<optionid>then[1]else[0]] +[join[]] }}}\n                                    type=\"match\"\n                                    text=\"10\"\n                                    animate=\"yes\"\n                                >\n                                    {{$:/core/images/warning}}\n                                </$reveal>\n                                <$reveal\n                                    default={{{ [{!!title}split[__]reverse[]first[]split[]search-replace[A],[1]search-replace[B],[2]search-replace[C],[3]search-replace[D],[4]search-replace[E],[5]search-replace[F],[6]search-replace[G],[7]search-replace[H],[8]search-replace[I],[9]match<optionid>then[1]else[0]] =[[$:/temp/fishing]getindex<selectid>match<optionid>then[1]else[0]] +[join[]] }}}\n                                    type=\"match\"\n                                    text=\"11\"\n                                    animate=\"yes\"\n                                >\n                                    {{$:/core/images/done-button}}\n                                </$reveal>\n                            </$button> <<optioncontent>>\n                        </$reveal>\n                    </$let>\n                </$reveal>\n            </$list>\n        </$reveal>\n        <$reveal\n            default={{{ [{!!title}split[__]count[]] }}}\n            type=\"lt\"\n            text=\"3\"\n            animate=\"yes\"\n        >\n            {{!!title}}\n        </$reveal>\n    </$reveal>\n</div>"},"Word":{"title":"Word","tags":"$:/tags/QuestionTemplate","code-body":"yes","text":"{{!!word}}\n<$reveal\n    state=<<folded-state>>\n    type=\"nomatch\"\n    text=\"hide\"\n    animate=\"yes\"\n>\n    <$reveal\n        default={{!!text}}\n        type=\"match\"\n        text=\"\"\n        animate=\"yes\"\n    >\n        <div\n            class=\"tc-tiddler-body\"\n        >\n            <main style=\"width:100%;overflow:hidden;\">\n                <iframe\n                    height=\"400px\"\n                    width=\"100%\"\n                    src={{{ [subfilter{$:/config/FishingCatchfish/annotateUrlFilter}] }}}\n                    frameborder=0\n                />\n            </main>\n        </div>\n    </$reveal>\n</$reveal>\n"},"$:/plugins/oflg/fishing-catchfish/ui/ViewTemplate/tiddler":{"title":"$:/plugins/oflg/fishing-catchfish/ui/ViewTemplate/tiddler","code-body":"yes","text":"\\whitespace trim\n\\define CJKV() [\\u2E80-\\u9FFF]\n\\define select-actions()\n<$action-setfield\n    $tiddler=\"$:/temp/fishing/excerpt\"\n    $value={{{ [<annotationTiddler>get[annotate-text]] }}}\n/>\n\\end\n\n<div\n    style=\"position:relative;\"\n>\n    <$let\n        selectionText={{$:/temp/fishing/selection}}\n        selectionTrim={{{ [<selectionText>trim[]] }}}\n    >\n        <$list\n            filter=\"[<selectionTrim>!is[blank]]\"\n            variable=\"null\"\n        >\n            <$let\n                selectionLowercase={{{ [{<selectionText>lowercase[]] }}}\n                selectionTitlecase={{{ [<selectionText>titlecase[]] }}}\n                selectionUppercase={{{ [<selectionText>uppercase[]] }}}\n                selectionTrimLowercase={{{ [<selectionTrim>lowercase[]] }}}\n                selectionTrimTitlecase={{{ [<selectionTrim>titlecase[]] }}}\n                selectionTrimUppercase={{{ [<selectionTrim>uppercase[]] }}}\n                selectionPrefix={{$:/temp/fishing/selectionPrefix}}\n                selectionSuffix={{$:/temp/fishing/selectionSuffix}}\n                sourceTiddler=<<currentTiddler>>\n            >\n                <$reveal\n                    type=\"popup\"\n                    state=<<qualify \"$:/state/popup/selection\">>\n                    position=\"belowleft\"\n                    updatePopupPosition=\"yes\"\n                    positionAllowNegative=\"no\"\n                    class=\"tc-popup-keep annotation-wrapper\"\n                >\n                    <div\n                        class=\"tc-drop-down tc-popup-keep\"\n                        style=\"min-width:0;\"\n                    >\n                        <$list\n                            filter=\"[all[shadows+tiddlers]tag[$:/tags/Annotation]!is[draft]]\"\n                        >\n                            <$transclude\n                                tiddler=\"$:/plugins/oflg/fishing/ui/ViewTemplate/fishing/button\"\n                            />\n                        </$list>\n                    </div>\n                    <br/>\n                    <$list\n                        filter=\"[all[shadows+tiddlers]!is[draft]word<selectionText>] [all[shadows+tiddlers]!is[draft]word<selectionTrim>] [all[shadows+tiddlers]!is[draft]word<selectionLowercase>] [all[shadows+tiddlers]!is[draft]word<selectionTitlecase>] [all[shadows+tiddlers]!is[draft]word<selectionUppercase>] [all[shadows+tiddlers]!is[draft]word<selectionTrimLowercase>] [all[shadows+tiddlers]!is[draft]word<selectionTrimTitlecase>] [all[shadows+tiddlers]!is[draft]word<selectionTrimUppercase>] [all[shadows+tiddlers]!is[draft]annotate-text<selectionText>] -[<currentTiddler>]\"\n                    >\n                        {{||$:/core/ui/ViewTemplate}}\n                    </$list>\n                </$reveal>\n            </$let>\n        </$list>\n    </$let>\n    <$list\n        filter=\"[{$:/temp/fishing/excerpt}!is[blank]]\"\n        variable=\"excerpt\"\n    >\n        <$reveal\n            type=\"popup\"\n            state=<<qualify \"$:/state/popup/excerpt\">>\n            position=\"belowleft\"\n            updatePopupPosition=\"yes\"\n            positionAllowNegative=\"no\"\n            class=\"tc-popup-keep annotation-wrapper\"\n        >\n            <$list\n                filter=\"[all[shadows+tiddlers]!is[draft]!<currentTiddler>annotate-text<excerpt>]\"\n            >\n                {{||$:/core/ui/ViewTemplate}}\n            </$list>\n        </$reveal>\n    </$list>\n    <$dynannotate\n        filter=\"[all[shadows+tiddlers]!is[draft]has[annotate-text]]\"\n        actions=<<select-actions>>\n        popup=<<qualify \"$:/state/popup/excerpt\">>\n        selection=\"$:/temp/fishing/selection\"\n        selectionPrefix=\"$:/temp/fishing/selectionPrefix\"\n        selectionSuffix=\"$:/temp/fishing/selectionSuffix\"\n        selectionPopup=<<qualify \"$:/state/popup/selection\">>\n        search={{{ [all[shadows+tiddlers]!tag[!]!<currentTiddler>has[word]get[word]unique[]regexp<CJKV>] [all[shadows+tiddlers]!tag[!]!<currentTiddler>has[word]get[word]unique[]!regexp<CJKV>join[|]addprefix[\\b(]addsuffix[)\\b]] +[join[|]] }}}\n        searchMode=\"regexp\"\n        searchCaseSensitive=\"no\"\n        searchClass=\"tc-dynannotation-search-overlay-animated\"\n        searchMinLength={{$:/config/Search/MinLength}}\n    >\n        {{||$:/core/ui/ViewTemplate}}\n    </$dynannotate>\n</div>"}}}